Date,Time,Station,Temperature,Humidity,Pressure,Wind_Speed,Wind_Direction_Deg,Wind_Direction_Label,Rainfall
2026-03-17,19:15:12,Balanagar SPCB,24.41,54.0,1011.0,1.97,64.0,NE,0.0
2026-03-17,19:15:12,HITEC City,23.73,55.0,1011.0,2.2,64.0,NE,0.0
2026-03-17,19:15:12,IDA Pashamylaram SPCB,23.31,59.0,1012.0,2.4,39.0,NE,0.0
2026-03-17,19:15:12,Sanathnagar SPCB,24.41,54.0,1011.0,1.97,64.0,NE,0.0
2026-03-17,19:15:12,US Consulate,23.61,55.0,1011.0,2.27,61.0,NE,0.1
2026-03-17,19:15:12,Uppal SPCB,24.16,56.0,1012.0,1.24,48.0,NE,0.0
2026-03-17,19:15:12,Zoo Park SPCB,23.82,56.0,1011.0,1.85,70.0,E,0.1
2026-03-18,19:14:43,Balanagar SPCB,20.47,65.0,1014.0,4.53,127.0,SE,0.0
2026-03-18,19:14:43,HITEC City,20.16,65.0,1014.0,4.45,126.0,SE,0.0
2026-03-18,19:14:43,IDA Pashamylaram SPCB,21.34,62.0,1014.0,5.14,133.0,SE,0.0
2026-03-18,19:14:43,Sanathnagar SPCB,20.4,65.0,1014.0,4.53,127.0,SE,0.0
2026-03-18,19:14:43,US Consulate,20.25,64.0,1014.0,4.5,126.0,SE,0.0
2026-03-18,19:14:43,Uppal SPCB,20.74,70.0,1014.0,3.88,122.0,SE,0.0
2026-03-18,19:14:43,Zoo Park SPCB,20.65,83.0,1014.0,1.54,0.0,N,0.0
2026-03-19,19:10:42,Balanagar SPCB,24.96,48.0,1012.0,4.52,133.0,SE,0.0
2026-03-19,19:10:42,HITEC City,24.63,47.0,1012.0,4.33,134.0,SE,0.0
2026-03-19,19:10:42,IDA Pashamylaram SPCB,24.98,45.0,1011.0,3.25,140.0,SE,0.0
2026-03-19,19:10:42,Sanathnagar SPCB,24.96,48.0,1012.0,4.52,133.0,SE,0.0
2026-03-19,19:10:42,US Consulate,24.69,47.0,1012.0,4.16,135.0,SE,0.0
2026-03-19,19:10:42,Uppal SPCB,24.53,54.0,1012.0,4.36,139.0,SE,0.12
2026-03-19,19:10:42,Zoo Park SPCB,24.38,52.0,1012.0,4.6,137.0,SE,0.0
2026-03-20,19:02:03,Balanagar SPCB,25.45,44.0,1010.0,2.43,133.0,SE,0.0
2026-03-20,19:02:03,HITEC City,24.92,44.0,1010.0,2.39,125.0,SE,0.0
2026-03-20,19:02:03,IDA Pashamylaram SPCB,25.64,40.0,1010.0,1.78,93.0,E,0.0
2026-03-20,19:02:03,Sanathnagar SPCB,25.45,44.0,1010.0,2.43,133.0,SE,0.0
2026-03-20,19:02:03,US Consulate,24.94,43.0,1010.0,2.3,120.0,SE,0.0
2026-03-20,19:02:03,Uppal SPCB,25.46,47.0,1011.0,2.92,135.0,SE,0.0
2026-03-20,19:02:03,Zoo Park SPCB,24.87,46.0,1010.0,2.8,132.0,SE,0.0
2026-03-21,18:49:39,Balanagar SPCB,23.47,29.0,1012.0,3.91,53.0,NE,0.0
2026-03-21,18:49:39,HITEC City,23.16,29.0,1011.0,3.3,45.0,NE,0.0
2026-03-21,18:49:39,IDA Pashamylaram SPCB,26.07,31.0,1011.0,2.58,23.0,NE,0.0
2026-03-21,18:49:39,Sanathnagar SPCB,23.4,29.0,1012.0,3.91,53.0,NE,0.0
2026-03-21,18:49:39,US Consulate,23.25,30.0,1011.0,3.04,39.0,NE,0.0
2026-03-21,18:49:39,Uppal SPCB,23.74,32.0,1011.0,3.68,48.0,NE,0.0
2026-03-21,18:49:39,Zoo Park SPCB,23.65,83.0,1011.0,2.06,110.0,E,0.0
2026-03-22,18:50:38,Balanagar SPCB,24.47,34.0,1012.0,2.82,84.0,E,0.0
2026-03-22,18:50:38,HITEC City,24.16,33.0,1012.0,3.04,84.0,E,0.0
2026-03-22,18:50:38,IDA Pashamylaram SPCB,26.28,32.0,1012.0,3.68,93.0,E,0.0
2026-03-22,18:50:38,Sanathnagar SPCB,24.4,34.0,1012.0,2.82,84.0,E,0.0
2026-03-22,18:50:38,US Consulate,24.25,33.0,1012.0,3.19,85.0,E,0.0
2026-03-22,18:50:38,Uppal SPCB,24.74,39.0,1012.0,2.05,74.0,E,0.0
2026-03-22,18:50:38,Zoo Park SPCB,24.65,78.0,1012.0,3.09,90.0,E,0.0
2026-03-23,02:57:00,Balanagar SPCB,25.97,65.0,1013.0,1.54,140.0,SE,0.0
2026-03-23,02:57:00,HITEC City,25.66,65.0,1013.0,1.54,140.0,SE,0.0
2026-03-23,02:57:00,IDA Pashamylaram SPCB,26.0,43.0,1013.0,4.19,135.0,SE,0.0
2026-03-23,02:57:00,Sanathnagar SPCB,25.9,65.0,1013.0,1.54,140.0,SE,0.0
2026-03-23,02:57:00,US Consulate,25.76,65.0,1013.0,1.54,140.0,SE,0.0
2026-03-23,02:57:00,Uppal SPCB,26.25,65.0,1013.0,1.54,140.0,SE,0.0
2026-03-23,02:57:00,Zoo Park SPCB,26.16,65.0,1013.0,2.06,0.0,N,0.0
2026-03-26,22:40:09,Balanagar SPCB,24.47,38.0,1009.0,3.17,190.0,S,0.0
2026-03-26,22:40:09,HITEC City,24.16,39.0,1010.0,3.45,193.0,S,0.0
2026-03-26,22:40:09,IDA Pashamylaram SPCB,26.84,39.0,1010.0,3.46,195.0,S,0.0
2026-03-26,22:40:09,Sanathnagar SPCB,24.4,38.0,1009.0,3.17,190.0,S,0.0
2026-03-26,22:40:09,US Consulate,24.25,39.0,1010.0,3.54,193.0,S,0.0
2026-03-26,22:40:09,Uppal SPCB,24.74,40.0,1009.0,2.79,197.0,S,0.0
2026-03-26,22:40:09,Zoo Park SPCB,24.65,64.0,1010.0,2.06,160.0,S,0.0
2026-03-27,22:42:20,Balanagar SPCB,24.47,30.0,1008.0,3.51,244.0,SW,0.0
2026-03-27,22:42:20,HITEC City,24.16,32.0,1008.0,3.57,242.0,SW,0.0
2026-03-27,22:42:20,IDA Pashamylaram SPCB,28.94,33.0,1008.0,3.67,217.0,SW,0.0
2026-03-27,22:42:20,Sanathnagar SPCB,24.4,30.0,1008.0,3.51,244.0,SW,0.0
2026-03-27,22:42:20,US Consulate,24.25,32.0,1008.0,3.62,240.0,SW,0.0
2026-03-27,22:42:20,Uppal SPCB,24.74,30.0,1007.0,3.16,252.0,W,0.0
2026-03-27,22:42:20,Zoo Park SPCB,24.65,69.0,1008.0,2.06,170.0,S,0.0
2026-03-28,22:38:33,Balanagar SPCB,24.47,22.0,1006.0,1.91,156.0,SE,0.0
2026-03-28,22:38:33,HITEC City,24.16,24.0,1006.0,2.42,166.0,S,0.0
2026-03-28,22:38:33,IDA Pashamylaram SPCB,28.86,26.0,1006.0,1.37,196.0,S,0.0
2026-03-28,22:38:33,Sanathnagar SPCB,24.4,22.0,1006.0,1.91,156.0,SE,0.0
2026-03-28,22:38:33,US Consulate,24.25,25.0,1006.0,2.52,169.0,S,0.0
2026-03-28,22:38:33,Uppal SPCB,24.74,24.0,1006.0,1.23,154.0,SE,0.0
2026-03-28,22:38:33,Zoo Park SPCB,24.65,57.0,1006.0,2.57,220.0,SW,0.0
2026-03-29,22:40:13,Balanagar SPCB,23.47,53.0,1007.0,3.34,149.0,SE,0.0
2026-03-29,22:40:13,HITEC City,23.16,53.0,1007.0,3.42,152.0,SE,0.0
2026-03-29,22:40:13,IDA Pashamylaram SPCB,26.7,52.0,1006.0,3.59,157.0,SE,0.0
2026-03-29,22:40:13,Sanathnagar SPCB,23.4,53.0,1007.0,3.34,149.0,SE,0.0
2026-03-29,22:40:13,US Consulate,23.25,53.0,1007.0,3.48,153.0,SE,0.0
2026-03-29,22:40:13,Uppal SPCB,23.74,56.0,1007.0,2.72,149.0,SE,0.0
2026-03-29,22:40:13,Zoo Park SPCB,23.65,83.0,1007.0,1.03,0.0,N,0.0
2026-03-30,22:47:02,Balanagar SPCB,26.77,46.0,1009.0,3.73,283.0,W,0.0
2026-03-30,22:47:02,HITEC City,25.66,49.0,1009.0,4.14,279.0,W,0.0
2026-03-30,22:47:02,IDA Pashamylaram SPCB,24.4,57.0,1009.0,4.13,277.0,W,0.0
2026-03-30,22:47:02,Sanathnagar SPCB,26.77,46.0,1009.0,3.73,283.0,W,0.0
2026-03-30,22:47:02,US Consulate,25.35,50.0,1009.0,4.32,280.0,W,0.0
2026-03-30,22:47:02,Uppal SPCB,26.75,47.0,1009.0,2.22,275.0,W,0.0
2026-03-30,22:47:02,Zoo Park SPCB,25.72,50.0,1009.0,3.28,263.0,W,0.0
2026-03-31,22:42:33,Balanagar SPCB,23.47,44.0,1010.0,2.74,87.0,E,0.0
2026-03-31,22:42:33,HITEC City,23.16,44.0,1010.0,2.23,89.0,E,0.0
2026-03-31,22:42:33,IDA Pashamylaram SPCB,26.28,47.0,1009.0,1.33,87.0,E,0.0
2026-03-31,22:42:33,Sanathnagar SPCB,23.4,44.0,1010.0,2.74,87.0,E,0.0
2026-03-31,22:42:33,US Consulate,23.25,45.0,1009.0,1.96,90.0,E,0.0
2026-03-31,22:42:33,Uppal SPCB,23.74,47.0,1010.0,3.13,91.0,E,0.0
2026-03-31,22:42:33,Zoo Park SPCB,23.65,83.0,1010.0,2.06,140.0,SE,0.0
2026-04-01,22:49:47,Balanagar SPCB,23.47,39.0,1009.0,3.21,156.0,SE,0.0
2026-04-01,22:49:47,HITEC City,23.16,40.0,1009.0,3.3,157.0,SE,0.0
2026-04-01,22:49:47,IDA Pashamylaram SPCB,25.36,42.0,1009.0,3.27,158.0,S,0.0
2026-04-01,22:49:47,Sanathnagar SPCB,23.4,39.0,1009.0,3.21,156.0,SE,0.0
2026-04-01,22:49:47,US Consulate,23.25,40.0,1009.0,3.34,158.0,S,0.0
2026-04-01,22:49:47,Uppal SPCB,23.74,40.0,1009.0,2.52,156.0,SE,0.0
2026-04-01,22:49:47,Zoo Park SPCB,23.65,49.0,1009.0,2.06,0.0,N,0.0
2026-04-02,22:41:09,Balanagar SPCB,23.47,45.0,1010.0,2.3,187.0,S,0.0
2026-04-02,22:41:09,HITEC City,23.16,46.0,1010.0,2.42,189.0,S,0.0
2026-04-02,22:41:09,IDA Pashamylaram SPCB,25.66,47.0,1010.0,2.72,194.0,S,0.0
2026-04-02,22:41:09,Sanathnagar SPCB,23.4,45.0,1010.0,2.3,187.0,S,0.0
2026-04-02,22:41:09,US Consulate,23.25,46.0,1010.0,2.45,190.0,S,0.0
2026-04-02,22:41:09,Uppal SPCB,23.74,46.0,1010.0,1.87,186.0,S,0.0
2026-04-02,22:41:09,Zoo Park SPCB,23.65,78.0,1010.0,2.57,130.0,SE,0.0
2026-04-03,22:42:44,Balanagar SPCB,24.47,32.0,1008.0,2.28,205.0,SW,0.0
2026-04-03,22:42:44,HITEC City,24.16,32.0,1008.0,2.48,205.0,SW,0.0
2026-04-03,22:42:44,IDA Pashamylaram SPCB,27.92,33.0,1008.0,2.79,196.0,S,0.0
2026-04-03,22:42:44,Sanathnagar SPCB,24.4,32.0,1008.0,2.28,205.0,SW,0.0
2026-04-03,22:42:44,US Consulate,24.25,33.0,1008.0,2.54,204.0,SW,0.0
2026-04-03,22:42:44,Uppal SPCB,24.74,33.0,1008.0,2.13,190.0,S,0.0
2026-04-03,22:42:44,Zoo Park SPCB,24.65,73.0,1008.0,2.06,110.0,E,0.0
2026-04-04,22:38:41,Balanagar SPCB,25.47,40.0,1007.0,2.22,48.0,NE,0.0
2026-04-04,22:38:41,HITEC City,25.16,40.0,1007.0,1.74,28.0,NE,0.0
2026-04-04,22:38:41,IDA Pashamylaram SPCB,27.54,41.0,1008.0,2.32,341.0,N,0.0
2026-04-04,22:38:41,Sanathnagar SPCB,25.4,40.0,1007.0,2.22,48.0,NE,0.0
2026-04-04,22:38:41,US Consulate,25.25,40.0,1007.0,1.72,18.0,N,0.0
2026-04-04,22:38:41,Uppal SPCB,25.74,41.0,1007.0,2.52,55.0,NE,0.0
2026-04-04,22:38:41,Zoo Park SPCB,25.65,65.0,1007.0,2.06,0.0,N,0.0
2026-04-05,22:40:43,Balanagar SPCB,25.47,43.0,1008.0,0.8,119.0,SE,0.0
2026-04-05,22:40:43,HITEC City,25.16,44.0,1008.0,0.63,125.0,SE,0.0
2026-04-05,22:40:43,IDA Pashamylaram SPCB,26.88,45.0,1008.0,0.13,252.0,W,0.0
2026-04-05,22:40:43,Sanathnagar SPCB,25.4,43.0,1008.0,0.8,119.0,SE,0.0
2026-04-05,22:40:43,US Consulate,25.25,44.0,1008.0,0.5,128.0,SE,0.0
2026-04-05,22:40:43,Uppal SPCB,25.74,45.0,1008.0,1.53,121.0,SE,0.0
2026-04-05,22:40:43,Zoo Park SPCB,25.65,73.0,1008.0,2.06,230.0,SW,0.0
2026-04-06,22:47:21,Balanagar SPCB,26.26,21.0,1009.0,1.79,355.0,N,0.0
2026-04-06,22:47:21,HITEC City,25.39,22.0,1009.0,1.99,343.0,N,0.0
2026-04-06,22:47:21,IDA Pashamylaram SPCB,25.06,24.0,1009.0,1.93,318.0,NW,0.0
2026-04-06,22:47:21,Sanathnagar SPCB,26.26,21.0,1009.0,1.79,355.0,N,0.0
2026-04-06,22:47:21,US Consulate,25.21,23.0,1009.0,2.13,338.0,N,0.0
2026-04-06,22:47:21,Uppal SPCB,26.05,23.0,1009.0,1.5,32.0,NE,0.0
2026-04-06,22:47:21,Zoo Park SPCB,25.42,24.0,1009.0,1.63,11.0,N,0.0
2026-04-07,22:50:05,Balanagar SPCB,26.49,25.0,1008.0,1.28,3.0,N,0.0
2026-04-07,22:50:05,HITEC City,25.65,26.0,1009.0,1.04,1.0,N,0.0
2026-04-07,22:50:05,IDA Pashamylaram SPCB,25.21,27.0,1009.0,0.72,340.0,N,0.0
2026-04-07,22:50:05,Sanathnagar SPCB,26.49,25.0,1008.0,1.28,3.0,N,0.0
2026-04-07,22:50:05,US Consulate,25.49,26.0,1009.0,0.97,359.0,N,0.0
2026-04-07,22:50:05,Uppal SPCB,26.55,25.0,1008.0,1.13,354.0,N,0.0
2026-04-07,22:50:05,Zoo Park SPCB,25.87,26.0,1009.0,0.91,7.0,N,0.0
2026-04-08,22:52:56,Balanagar SPCB,27.92,27.0,1009.0,3.04,326.0,NW,0.0
2026-04-08,22:52:56,HITEC City,27.12,28.0,1009.0,3.06,330.0,NW,0.0
2026-04-08,22:52:56,IDA Pashamylaram SPCB,26.63,31.0,1009.0,2.96,341.0,N,0.0
2026-04-08,22:52:56,Sanathnagar SPCB,27.92,27.0,1009.0,3.04,326.0,NW,0.0
2026-04-08,22:52:56,US Consulate,26.94,28.0,1009.0,3.09,333.0,NW,0.0
2026-04-08,22:52:56,Uppal SPCB,27.91,29.0,1009.0,2.56,317.0,NW,0.0
2026-04-08,22:52:56,Zoo Park SPCB,27.28,29.0,1009.0,2.55,317.0,NW,0.0
2026-04-09,22:52:44,Balanagar SPCB,26.86,60.0,1011.0,1.97,111.0,E,0.0
2026-04-09,22:52:44,HITEC City,26.43,54.0,1011.0,1.63,110.0,E,0.0
2026-04-09,22:52:44,IDA Pashamylaram SPCB,26.66,42.0,1011.0,0.76,77.0,E,0.0
2026-04-09,22:52:44,Sanathnagar SPCB,26.86,60.0,1011.0,1.97,111.0,E,0.0
2026-04-09,22:52:44,US Consulate,26.45,52.0,1011.0,1.47,107.0,E,0.0
2026-04-09,22:52:44,Uppal SPCB,26.45,71.0,1011.0,1.91,105.0,E,0.0
2026-04-09,22:52:44,Zoo Park SPCB,26.22,64.0,1011.0,1.62,115.0,SE,0.0
2026-04-10,22:48:26,Balanagar SPCB,27.25,53.0,1010.0,2.42,115.0,SE,0.0
2026-04-10,22:48:26,HITEC City,26.77,49.0,1010.0,2.16,116.0,SE,0.0
2026-04-10,22:48:26,IDA Pashamylaram SPCB,26.98,37.0,1010.0,2.42,105.0,E,0.0
2026-04-10,22:48:26,Sanathnagar SPCB,27.25,53.0,1010.0,2.42,115.0,SE,0.0
2026-04-10,22:48:26,US Consulate,26.76,47.0,1010.0,2.11,115.0,SE,0.0
2026-04-10,22:48:26,Uppal SPCB,26.94,63.0,1010.0,2.02,113.0,SE,0.0
2026-04-10,22:48:26,Zoo Park SPCB,26.67,57.0,1010.0,1.67,131.0,SE,0.0
2026-04-11,22:41:12,Balanagar SPCB,28.31,33.0,1008.0,2.18,100.0,E,0.0
2026-04-11,22:41:12,HITEC City,27.75,33.0,1008.0,2.1,95.0,E,0.0
2026-04-11,22:41:12,IDA Pashamylaram SPCB,27.78,30.0,1008.0,2.24,108.0,E,0.0
2026-04-11,22:41:12,Sanathnagar SPCB,28.31,33.0,1008.0,2.18,100.0,E,0.0
2026-04-11,22:41:12,US Consulate,27.71,33.0,1008.0,2.11,95.0,E,0.0
2026-04-11,22:41:12,Uppal SPCB,27.87,40.0,1008.0,1.78,91.0,E,0.0
2026-04-11,22:41:12,Zoo Park SPCB,27.58,38.0,1008.0,1.77,85.0,E,0.0
2026-04-12,22:44:06,Balanagar SPCB,29.07,42.0,1008.0,3.53,188.0,S,0.0
2026-04-12,22:44:06,HITEC City,28.24,44.0,1008.0,3.82,189.0,S,0.0
2026-04-12,22:44:06,IDA Pashamylaram SPCB,27.97,46.0,1008.0,3.71,184.0,S,0.0
2026-04-12,22:44:06,Sanathnagar SPCB,29.07,42.0,1008.0,3.53,188.0,S,0.0
2026-04-12,22:44:06,US Consulate,28.08,44.0,1008.0,3.88,189.0,S,0.0
2026-04-12,22:44:06,Uppal SPCB,28.9,44.0,1008.0,2.89,189.0,S,0.0
2026-04-12,22:44:06,Zoo Park SPCB,28.19,45.0,1008.0,3.97,196.0,S,0.0
2026-04-13,22:53:38,Balanagar SPCB,29.11,41.0,1008.0,3.01,180.0,S,0.0
2026-04-13,22:53:38,HITEC City,28.67,42.0,1008.0,3.04,182.0,S,0.0
2026-04-13,22:53:38,IDA Pashamylaram SPCB,28.99,42.0,1008.0,3.3,178.0,S,0.0
2026-04-13,22:53:38,Sanathnagar SPCB,29.11,41.0,1008.0,3.01,180.0,S,0.0
2026-04-13,22:53:38,US Consulate,28.67,42.0,1008.0,3.07,182.0,S,0.0
2026-04-13,22:53:38,Uppal SPCB,28.64,44.0,1008.0,2.51,183.0,S,0.0
2026-04-13,22:53:38,Zoo Park SPCB,28.57,43.0,1008.0,2.9,190.0,S,0.0
2026-04-14,22:53:55,Balanagar SPCB,29.72,35.0,1006.0,2.56,194.0,S,0.0
2026-04-14,22:53:55,HITEC City,28.96,36.0,1007.0,2.72,199.0,S,0.0
2026-04-14,22:53:55,IDA Pashamylaram SPCB,29.0,37.0,1007.0,3.05,197.0,S,0.0
2026-04-14,22:53:55,Sanathnagar SPCB,29.72,35.0,1006.0,2.56,194.0,S,0.0
2026-04-14,22:53:55,US Consulate,28.86,37.0,1007.0,2.81,200.0,S,0.0
2026-04-14,22:53:55,Uppal SPCB,29.54,36.0,1006.0,2.0,198.0,S,0.0
2026-04-14,22:53:55,Zoo Park SPCB,28.93,37.0,1007.0,2.61,204.0,SW,0.0
2026-04-15,22:51:07,Balanagar SPCB,26.47,41.0,1006.0,3.19,179.0,S,0.0
2026-04-15,22:51:07,HITEC City,26.16,40.0,1006.0,3.36,181.0,S,0.0
2026-04-15,22:51:07,IDA Pashamylaram SPCB,28.72,36.0,1006.0,3.66,183.0,S,0.0
2026-04-15,22:51:07,Sanathnagar SPCB,26.4,41.0,1006.0,3.19,179.0,S,0.0
2026-04-15,22:51:07,US Consulate,26.25,39.0,1006.0,3.43,182.0,S,0.0
2026-04-15,22:51:07,Uppal SPCB,26.74,46.0,1006.0,2.67,181.0,S,0.0
2026-04-15,22:51:07,Zoo Park SPCB,26.65,65.0,1006.0,0.0,0.0,N,0.0
2026-04-16,22:53:06,Balanagar SPCB,30.61,36.0,1007.0,3.0,146.0,SE,0.0
2026-04-16,22:53:06,HITEC City,30.7,34.0,1007.0,3.01,156.0,SE,0.0
2026-04-16,22:53:06,IDA Pashamylaram SPCB,31.24,34.0,1007.0,3.11,171.0,S,0.0
2026-04-16,22:53:06,Sanathnagar SPCB,30.61,36.0,1007.0,3.0,146.0,SE,0.0
2026-04-16,22:53:06,US Consulate,30.86,34.0,1007.0,3.05,160.0,S,0.0
2026-04-16,22:53:06,Uppal SPCB,29.72,42.0,1007.0,2.69,133.0,SE,0.0
2026-04-16,22:53:06,Zoo Park SPCB,30.42,36.0,1007.0,2.6,152.0,SE,0.0
2026-04-17,22:52:43,Balanagar SPCB,29.45,37.0,1007.0,2.71,142.0,SE,0.0
2026-04-17,22:52:43,HITEC City,28.9,38.0,1007.0,2.79,141.0,SE,0.0
2026-04-17,22:52:43,IDA Pashamylaram SPCB,29.19,39.0,1007.0,2.8,144.0,SE,0.0
2026-04-17,22:52:43,Sanathnagar SPCB,29.45,37.0,1007.0,2.71,142.0,SE,0.0
2026-04-17,22:52:43,US Consulate,28.87,38.0,1007.0,2.82,141.0,SE,0.0
2026-04-17,22:52:43,Uppal SPCB,28.94,41.0,1007.0,2.09,137.0,SE,0.0
2026-04-17,22:52:43,Zoo Park SPCB,28.68,40.0,1007.0,2.48,138.0,SE,0.0
2026-04-18,22:44:40,Balanagar SPCB,30.33,34.0,1006.0,3.04,190.0,S,0.0
2026-04-18,22:44:40,HITEC City,29.43,35.0,1006.0,3.21,188.0,S,0.0
2026-04-18,22:44:40,IDA Pashamylaram SPCB,29.11,37.0,1006.0,3.2,174.0,S,0.0
2026-04-18,22:44:40,Sanathnagar SPCB,30.33,34.0,1006.0,3.04,190.0,S,0.0
2026-04-18,22:44:40,US Consulate,29.24,36.0,1006.0,3.23,186.0,S,0.0
2026-04-18,22:44:40,Uppal SPCB,30.23,35.0,1006.0,2.29,194.0,S,0.0
2026-04-18,22:44:40,Zoo Park SPCB,29.51,36.0,1006.0,3.25,199.0,S,0.0
2026-04-19,22:46:11,Balanagar SPCB,29.8,43.0,1007.0,1.57,170.0,S,0.0
2026-04-19,22:46:11,HITEC City,29.04,44.0,1007.0,1.57,180.0,S,0.0
2026-04-19,22:46:11,IDA Pashamylaram SPCB,29.09,44.0,1007.0,2.12,184.0,S,0.0
2026-04-19,22:46:11,Sanathnagar SPCB,29.8,43.0,1007.0,1.57,170.0,S,0.0
2026-04-19,22:46:11,US Consulate,28.94,45.0,1007.0,1.67,183.0,S,0.0
2026-04-19,22:46:11,Uppal SPCB,29.19,47.0,1007.0,1.21,128.0,SE,0.0
2026-04-19,22:46:11,Zoo Park SPCB,28.66,48.0,1008.0,0.84,181.0,S,0.0
2026-04-20,22:54:44,Balanagar SPCB,28.91,42.0,1007.0,2.48,98.0,E,0.0
2026-04-20,22:54:44,HITEC City,28.42,41.0,1007.0,2.1,89.0,E,0.0
2026-04-20,22:54:44,IDA Pashamylaram SPCB,28.64,40.0,1007.0,1.23,86.0,E,0.0
2026-04-20,22:54:44,Sanathnagar SPCB,28.91,42.0,1007.0,2.48,98.0,E,0.0
2026-04-20,22:54:44,US Consulate,28.4,41.0,1007.0,1.97,84.0,E,0.0
2026-04-20,22:54:44,Uppal SPCB,28.83,45.0,1007.0,2.74,100.0,E,0.0
2026-04-20,22:54:44,Zoo Park SPCB,28.64,43.0,1007.0,2.03,90.0,E,0.0
2026-04-21,22:48:22,Balanagar SPCB,27.47,43.0,1008.0,2.65,135.0,SE,0.0
2026-04-21,22:48:22,HITEC City,27.16,43.0,1008.0,1.98,127.0,SE,0.0
2026-04-21,22:48:22,IDA Pashamylaram SPCB,27.96,44.0,1008.0,1.3,149.0,SE,0.0
2026-04-21,22:48:22,Sanathnagar SPCB,27.4,43.0,1008.0,2.65,135.0,SE,0.0
2026-04-21,22:48:22,US Consulate,27.25,43.0,1008.0,1.7,123.0,SE,0.0
2026-04-21,22:48:22,Uppal SPCB,27.74,45.0,1008.0,3.11,143.0,SE,0.0
2026-04-21,22:48:22,Zoo Park SPCB,27.65,41.0,1008.0,2.57,200.0,S,0.0
2026-04-22,22:55:27,Balanagar SPCB,27.47,30.0,1006.0,2.43,192.0,S,0.0
2026-04-22,22:55:27,HITEC City,27.16,32.0,1006.0,3.05,199.0,S,0.0
2026-04-22,22:55:27,IDA Pashamylaram SPCB,30.29,32.0,1006.0,2.95,196.0,S,0.0
2026-04-22,22:55:27,Sanathnagar SPCB,27.4,30.0,1006.0,2.43,192.0,S,0.0
2026-04-22,22:55:27,US Consulate,27.25,32.0,1006.0,3.19,200.0,S,0.0
2026-04-22,22:55:27,Uppal SPCB,27.74,32.0,1006.0,1.79,169.0,S,0.0
2026-04-22,22:55:27,Zoo Park SPCB,27.65,61.0,1006.0,2.57,150.0,SE,0.0
2026-04-23,22:56:35,Balanagar SPCB,23.47,30.0,1006.0,3.27,254.0,W,0.0
2026-04-23,22:56:35,HITEC City,23.16,31.0,1006.0,3.17,266.0,W,0.0
2026-04-23,22:56:35,IDA Pashamylaram SPCB,29.5,32.0,1006.0,2.82,271.0,W,0.0
2026-04-23,22:56:35,Sanathnagar SPCB,23.4,30.0,1006.0,3.27,254.0,W,0.0
2026-04-23,22:56:35,US Consulate,23.25,31.0,1006.0,3.13,270.0,W,0.0
2026-04-23,22:56:35,Uppal SPCB,23.74,31.0,1006.0,3.04,247.0,SW,0.0
2026-04-23,22:56:35,Zoo Park SPCB,23.65,68.0,1006.0,2.06,270.0,W,0.0
2026-04-24,22:50:18,Balanagar SPCB,25.47,28.0,1007.0,1.89,215.0,SW,0.0
2026-04-24,22:50:18,HITEC City,25.16,29.0,1007.0,2.32,215.0,SW,0.0
2026-04-24,22:50:18,IDA Pashamylaram SPCB,29.35,30.0,1007.0,2.69,212.0,SW,0.0
2026-04-24,22:50:18,Sanathnagar SPCB,25.4,28.0,1007.0,1.89,215.0,SW,0.0
2026-04-24,22:50:18,US Consulate,25.25,29.0,1007.0,2.46,214.0,SW,0.0
2026-04-24,22:50:18,Uppal SPCB,25.74,32.0,1007.0,0.93,201.0,S,0.0
2026-04-24,22:50:18,Zoo Park SPCB,25.65,65.0,1007.0,2.57,170.0,S,0.0
2026-04-25,22:48:18,Balanagar SPCB,27.47,41.0,1007.0,2.88,179.0,S,0.0
2026-04-25,22:48:18,HITEC City,27.16,43.0,1007.0,3.01,183.0,S,0.0
2026-04-25,22:48:18,IDA Pashamylaram SPCB,28.91,43.0,1007.0,3.06,182.0,S,0.0
2026-04-25,22:48:18,Sanathnagar SPCB,27.4,41.0,1007.0,2.88,179.0,S,0.0
2026-04-25,22:48:18,US Consulate,27.25,43.0,1007.0,3.06,184.0,S,0.0
2026-04-25,22:48:18,Uppal SPCB,27.74,44.0,1007.0,2.37,177.0,S,0.0
2026-04-25,22:48:18,Zoo Park SPCB,27.65,69.0,1007.0,2.06,0.0,N,0.0
2026-04-26,22:50:27,Balanagar SPCB,26.47,35.0,1005.0,4.6,210.0,SW,0.0
2026-04-26,22:50:27,HITEC City,26.16,36.0,1005.0,5.04,208.0,SW,0.0
2026-04-26,22:50:27,IDA Pashamylaram SPCB,29.31,38.0,1005.0,5.05,199.0,S,0.0
2026-04-26,22:50:27,Sanathnagar SPCB,26.4,35.0,1005.0,4.6,210.0,SW,0.0
2026-04-26,22:50:27,US Consulate,26.25,37.0,1005.0,5.11,206.0,SW,0.0
2026-04-26,22:50:27,Uppal SPCB,26.74,37.0,1005.0,3.83,216.0,SW,0.0
2026-04-26,22:50:27,Zoo Park SPCB,26.65,69.0,1005.0,1.54,110.0,E,0.0
2026-04-27,22:59:45,Balanagar SPCB,25.47,38.0,1005.0,3.01,184.0,S,0.0
2026-04-27,22:59:45,HITEC City,25.16,37.0,1005.0,2.94,190.0,S,0.0
2026-04-27,22:59:45,IDA Pashamylaram SPCB,29.88,35.0,1005.0,2.87,216.0,SW,0.0
2026-04-27,22:59:45,Sanathnagar SPCB,25.4,38.0,1005.0,3.01,184.0,S,0.0
2026-04-27,22:59:45,US Consulate,25.25,37.0,1005.0,2.92,193.0,S,0.0
2026-04-27,22:59:45,Uppal SPCB,25.74,46.0,1005.0,2.41,171.0,S,0.0
2026-04-27,22:59:45,Zoo Park SPCB,25.65,78.0,1005.0,3.6,270.0,W,0.0
2026-04-28,23:02:02,Balanagar SPCB,27.47,41.0,1006.0,2.35,217.0,SW,0.0
2026-04-28,23:02:02,HITEC City,27.16,43.0,1006.0,2.24,220.0,SW,0.0
2026-04-28,23:02:02,IDA Pashamylaram SPCB,28.07,46.0,1006.0,2.2,244.0,SW,0.0
2026-04-28,23:02:02,Sanathnagar SPCB,27.4,41.0,1006.0,2.35,217.0,SW,0.0
2026-04-28,23:02:02,US Consulate,27.25,44.0,1006.0,2.18,222.0,SW,0.0
2026-04-28,23:02:02,Uppal SPCB,27.74,42.0,1006.0,2.1,206.0,SW,0.0
2026-04-28,23:02:02,Zoo Park SPCB,27.65,47.0,1006.0,2.57,220.0,SW,0.0
2026-04-29,23:02:41,Balanagar SPCB,29.47,37.0,1006.0,6.25,201.0,S,0.0
2026-04-29,23:02:41,HITEC City,29.16,38.0,1006.0,6.59,199.0,S,0.0
2026-04-29,23:02:41,IDA Pashamylaram SPCB,29.92,39.0,1006.0,6.4,199.0,S,0.0
2026-04-29,23:02:41,Sanathnagar SPCB,29.4,37.0,1006.0,6.25,201.0,S,0.0
2026-04-29,23:02:41,US Consulate,29.25,38.0,1006.0,6.69,198.0,S,0.0
2026-04-29,23:02:41,Uppal SPCB,29.74,40.0,1006.0,5.5,206.0,SW,0.0
2026-04-29,23:02:41,Zoo Park SPCB,29.65,54.0,1006.0,3.6,220.0,SW,0.0
2026-04-30,23:00:19,Balanagar SPCB,29.47,43.0,1007.0,2.57,163.0,S,0.0
2026-04-30,23:00:19,HITEC City,29.16,42.0,1007.0,2.67,167.0,S,0.0
2026-04-30,23:00:19,IDA Pashamylaram SPCB,29.07,34.0,1007.0,1.93,134.0,SE,0.0
2026-04-30,23:00:19,Sanathnagar SPCB,29.4,43.0,1007.0,2.57,163.0,S,0.0
2026-04-30,23:00:19,US Consulate,29.25,41.0,1007.0,2.69,167.0,S,0.0
2026-04-30,23:00:19,Uppal SPCB,29.74,48.0,1007.0,1.59,168.0,S,0.0
2026-04-30,23:00:19,Zoo Park SPCB,29.65,34.0,1007.0,3.09,310.0,NW,0.0
2026-05-01,22:56:53,Balanagar SPCB,25.47,24.0,1006.0,2.44,339.0,N,0.0
2026-05-01,22:56:53,HITEC City,25.16,25.0,1006.0,2.81,331.0,NW,0.0
2026-05-01,22:56:53,IDA Pashamylaram SPCB,29.15,31.0,1005.0,3.1,313.0,NW,0.0
2026-05-01,22:56:53,Sanathnagar SPCB,25.4,24.0,1006.0,2.44,339.0,N,0.0
2026-05-01,22:56:53,US Consulate,25.25,26.0,1005.0,2.94,326.0,NW,0.0
2026-05-01,22:56:53,Uppal SPCB,25.74,28.0,1006.0,2.37,342.0,N,0.0
2026-05-01,22:56:53,Zoo Park SPCB,25.65,47.0,1006.0,4.63,280.0,W,0.0
2026-05-02,22:53:41,Balanagar SPCB,28.47,30.0,1004.0,2.02,239.0,SW,0.0
2026-05-02,22:53:41,HITEC City,28.16,29.0,1004.0,2.55,269.0,W,0.0
2026-05-02,22:53:41,IDA Pashamylaram SPCB,30.25,32.0,1004.0,3.61,298.0,NW,0.0
2026-05-02,22:53:41,Sanathnagar SPCB,28.4,30.0,1004.0,2.02,239.0,SW,0.0
2026-05-02,22:53:41,US Consulate,28.25,29.0,1004.0,2.85,281.0,W,0.0
2026-05-02,22:53:41,Uppal SPCB,28.74,37.0,1004.0,1.86,200.0,S,0.0
2026-05-02,22:53:41,Zoo Park SPCB,28.65,47.0,1004.0,3.6,270.0,W,0.0
2026-05-03,22:54:18,Balanagar SPCB,26.47,50.0,1006.0,2.6,184.0,S,0.0
2026-05-03,22:54:18,HITEC City,26.16,52.0,1006.0,2.19,175.0,S,0.0
2026-05-03,22:54:18,IDA Pashamylaram SPCB,28.26,54.0,1006.0,2.43,159.0,S,0.0
2026-05-03,22:54:18,Sanathnagar SPCB,26.4,50.0,1006.0,2.6,184.0,S,0.0
2026-05-03,22:54:18,US Consulate,26.25,53.0,1006.0,2.11,171.0,S,0.0
2026-05-03,22:54:18,Uppal SPCB,26.74,50.0,1006.0,3.3,185.0,S,0.0
2026-05-03,22:54:18,Zoo Park SPCB,26.65,53.0,1006.0,3.09,220.0,SW,0.0
2026-05-04,23:01:59,Balanagar SPCB,25.47,60.0,1007.0,4.96,144.0,SE,0.0
2026-05-04,23:01:59,HITEC City,25.16,60.0,1007.0,4.76,151.0,SE,0.0
2026-05-04,23:01:59,IDA Pashamylaram SPCB,27.08,56.0,1007.0,4.58,168.0,S,0.0
2026-05-04,23:01:59,Sanathnagar SPCB,25.4,60.0,1007.0,4.96,144.0,SE,0.0
2026-05-04,23:01:59,US Consulate,25.25,60.0,1007.0,4.69,154.0,SE,0.0
2026-05-04,23:01:59,Uppal SPCB,25.74,62.0,1007.0,4.85,137.0,SE,0.0
2026-05-04,23:01:59,Zoo Park SPCB,25.65,83.0,1007.0,3.6,120.0,SE,0.0
2026-05-05,23:02:07,Balanagar SPCB,26.47,48.0,1006.0,3.6,129.0,SE,0.0
2026-05-05,23:02:07,HITEC City,26.16,46.0,1006.0,3.45,130.0,SE,0.0
2026-05-05,23:02:07,IDA Pashamylaram SPCB,28.5,42.0,1006.0,2.81,139.0,SE,0.0
2026-05-05,23:02:07,Sanathnagar SPCB,26.4,48.0,1006.0,3.6,129.0,SE,0.0
2026-05-05,23:02:07,US Consulate,26.25,44.0,1006.0,3.34,132.0,SE,0.0
2026-05-05,23:02:07,Uppal SPCB,26.74,57.0,1007.0,3.51,125.0,SE,0.0
2026-05-05,23:02:07,Zoo Park SPCB,26.65,83.0,1007.0,4.12,100.0,E,0.0
2026-05-06,22:58:01,Balanagar SPCB,26.47,69.0,1007.0,4.71,140.0,SE,0.0
2026-05-06,22:58:01,HITEC City,26.16,69.0,1007.0,4.76,139.0,SE,0.0
2026-05-06,22:58:01,IDA Pashamylaram SPCB,26.06,68.0,1007.0,4.68,139.0,SE,0.0
2026-05-06,22:58:01,Sanathnagar SPCB,26.4,69.0,1007.0,4.71,140.0,SE,0.0
2026-05-06,22:58:01,US Consulate,26.25,69.0,1007.0,4.75,139.0,SE,0.0
2026-05-06,22:58:01,Uppal SPCB,26.74,71.0,1007.0,4.61,141.0,SE,0.0
2026-05-06,22:58:01,Zoo Park SPCB,26.65,69.0,1007.0,2.57,120.0,SE,0.0
2026-05-07,23:05:11,Balanagar SPCB,25.47,57.0,1008.0,4.38,144.0,SE,0.0
2026-05-07,23:05:11,HITEC City,25.16,57.0,1008.0,4.55,138.0,SE,0.0
2026-05-07,23:05:11,IDA Pashamylaram SPCB,28.12,56.0,1007.0,5.06,134.0,SE,0.0
2026-05-07,23:05:11,Sanathnagar SPCB,25.4,57.0,1008.0,4.38,144.0,SE,0.0
2026-05-07,23:05:11,US Consulate,25.25,57.0,1008.0,4.63,136.0,SE,0.0
2026-05-07,23:05:11,Uppal SPCB,25.74,60.0,1007.0,4.18,151.0,SE,0.0
2026-05-07,23:05:11,Zoo Park SPCB,25.65,83.0,1008.0,6.69,120.0,SE,0.0
2026-05-08,23:02:14,Balanagar SPCB,24.47,70.0,1008.0,4.85,135.0,SE,0.0
2026-05-08,23:02:14,HITEC City,24.16,70.0,1008.0,4.75,135.0,SE,0.0
2026-05-08,23:02:14,IDA Pashamylaram SPCB,26.28,67.0,1008.0,4.6,141.0,SE,0.0
2026-05-08,23:02:14,Sanathnagar SPCB,24.4,70.0,1008.0,4.85,135.0,SE,0.0
2026-05-08,23:02:14,US Consulate,24.25,69.0,1008.0,4.72,135.0,SE,0.0
2026-05-08,23:02:14,Uppal SPCB,24.74,74.0,1008.0,4.83,133.0,SE,0.0
2026-05-08,23:02:14,Zoo Park SPCB,24.65,83.0,1008.0,2.06,130.0,SE,0.0
2026-05-09,22:55:54,Balanagar SPCB,24.47,62.0,1007.0,3.36,149.0,SE,0.0
2026-05-09,22:55:54,HITEC City,24.16,63.0,1007.0,3.09,156.0,SE,0.0
2026-05-09,22:55:54,IDA Pashamylaram SPCB,26.17,63.0,1007.0,3.1,171.0,S,0.0
2026-05-09,22:55:54,Sanathnagar SPCB,24.4,62.0,1007.0,3.36,149.0,SE,0.0
2026-05-09,22:55:54,US Consulate,24.25,63.0,1007.0,3.03,160.0,S,0.0
2026-05-09,22:55:54,Uppal SPCB,24.74,64.0,1007.0,3.39,137.0,SE,0.0
2026-05-09,22:55:54,Zoo Park SPCB,24.65,78.0,1007.0,3.6,130.0,SE,0.0
2026-05-10,22:56:43,Balanagar SPCB,24.47,69.0,1007.0,4.81,145.0,SE,0.0
2026-05-10,22:56:43,HITEC City,24.16,69.0,1007.0,4.69,143.0,SE,0.0
2026-05-10,22:56:43,IDA Pashamylaram SPCB,26.12,67.0,1007.0,4.8,147.0,SE,0.0
2026-05-10,22:56:43,Sanathnagar SPCB,24.4,69.0,1007.0,4.81,145.0,SE,0.0
2026-05-10,22:56:43,US Consulate,24.25,69.0,1007.0,4.67,143.0,SE,0.0
2026-05-10,22:56:43,Uppal SPCB,24.74,72.0,1007.0,4.44,147.0,SE,0.0
2026-05-10,22:56:43,Zoo Park SPCB,24.65,78.0,1007.0,3.09,140.0,SE,0.0
2026-05-11,04:11:24,Balanagar SPCB,28.97,58.0,1013.0,3.6,150.0,SE,0.0
2026-05-11,04:11:24,HITEC City,28.66,58.0,1012.0,3.6,150.0,SE,0.0
2026-05-11,04:11:24,IDA Pashamylaram SPCB,29.0,55.0,1012.0,3.55,169.0,S,0.0
2026-05-11,04:11:24,Sanathnagar SPCB,28.9,58.0,1013.0,3.6,150.0,SE,0.0
2026-05-11,04:11:24,US Consulate,28.76,58.0,1012.0,3.6,150.0,SE,0.0
2026-05-11,04:11:24,Uppal SPCB,29.25,58.0,1012.0,3.6,150.0,SE,0.0
2026-05-11,04:11:24,Zoo Park SPCB,29.16,58.0,1013.0,3.6,150.0,SE,0.0
2026-06-04,17:42:47,Balanagar SPCB,34.39,34,1002,4.24,269,W,0.0
2026-06-04,17:42:47,HITEC City,33.54,36,1003,4.19,278,W,0.0
2026-06-04,17:42:47,IDA Pashamylaram SPCB,32.4,40,1003,7.22,312,NW,0.0
2026-06-04,17:42:47,Sanathnagar SPCB,34.39,34,1002,4.24,269,W,0.0
2026-06-04,17:42:47,US Consulate,33.26,37,1003,4.4,285,W,0.0
2026-06-04,17:42:47,Uppal SPCB,35.32,33,1002,3.31,220,SW,0.0
2026-06-04,17:42:47,Zoo Park SPCB,34.82,33,1002,3.11,227,SW,0.0
2026-06-07,23:04:22,Balanagar SPCB,26.57,63,1006,5.18,296,NW,0.0
2026-06-07,23:04:22,HITEC City,26.07,64,1006,5.05,293,NW,0.0
2026-06-07,23:04:22,IDA Pashamylaram SPCB,26.05,70,1006,4.73,288,W,0.0
2026-06-07,23:04:22,Sanathnagar SPCB,26.57,63,1006,5.18,296,NW,0.0
2026-06-07,23:04:22,US Consulate,26.02,65,1006,4.98,291,W,0.0
2026-06-07,23:04:22,Uppal SPCB,26.89,62,1006,5.55,296,NW,0.0
2026-06-07,23:04:22,Zoo Park SPCB,26.48,63,1006,5.29,290,W,0.0
2026-06-08,23:11:45,Balanagar SPCB,26.35,67,1005,5.76,250,W,0.0
2026-06-08,23:11:45,HITEC City,25.63,69,1006,5.9,247,SW,0.0
2026-06-08,23:11:45,IDA Pashamylaram SPCB,25.34,72,1006,6.26,252,W,0.0
2026-06-08,23:11:45,Sanathnagar SPCB,26.35,67,1005,5.76,250,W,0.0
2026-06-08,23:11:45,US Consulate,25.54,70,1006,5.96,247,SW,0.0
2026-06-08,23:11:45,Uppal SPCB,26.34,69,1005,5.94,244,SW,0.0
2026-06-08,23:11:45,Zoo Park SPCB,25.61,72,1005,6.21,237,SW,0.0
2026-06-09,23:16:49,Balanagar SPCB,25.81,79,1006,6.1,260,W,0.0
2026-06-09,23:16:49,HITEC City,25.08,81,1006,5.91,259,W,0.0
2026-06-09,23:16:49,IDA Pashamylaram SPCB,25.33,82,1006,5.63,257,W,0.0
2026-06-09,23:16:49,Sanathnagar SPCB,25.81,79,1006,6.1,260,W,0.0
2026-06-09,23:16:49,US Consulate,24.99,82,1006,5.85,259,W,0.0
2026-06-09,23:16:49,Uppal SPCB,26.16,78,1006,6.75,261,W,0.0
2026-06-09,23:16:49,Zoo Park SPCB,25.42,81,1006,6.13,260,W,0.0
2026-06-10,23:24:49,Balanagar SPCB,25.81,73,1006,4.03,238,SW,0.0
2026-06-10,23:24:49,HITEC City,24.99,77,1007,3.75,229,SW,0.0
2026-06-10,23:24:49,IDA Pashamylaram SPCB,25.07,79,1006,4.11,194,S,0.0
2026-06-10,23:24:49,Sanathnagar SPCB,25.81,73,1006,4.03,238,SW,0.0
2026-06-10,23:24:49,US Consulate,24.89,78,1007,3.66,223,SW,0.0
2026-06-10,23:24:49,Uppal SPCB,25.87,74,1006,4.57,248,W,0.0
2026-06-10,23:24:49,Zoo Park SPCB,24.87,80,1007,3.98,238,SW,0.0
2026-06-11,23:20:47,Balanagar SPCB,26.76,70,1007,4.7,258,W,0.0
2026-06-11,23:20:47,HITEC City,26.05,73,1007,4.44,253,W,0.0
2026-06-11,23:20:47,IDA Pashamylaram SPCB,26.11,75,1007,4,244,SW,0.0
2026-06-11,23:20:47,Sanathnagar SPCB,26.76,70,1007,4.7,258,W,0.0
2026-06-11,23:20:47,US Consulate,25.97,74,1007,4.34,251,W,0.0
2026-06-11,23:20:47,Uppal SPCB,26.96,71,1006,4.97,257,W,0.0
2026-06-11,23:20:47,Zoo Park SPCB,26.14,75,1006,4.54,249,W,0.0
2026-06-12,23:16:01,Balanagar SPCB,24.31,80,1008,9.11,217,SW,0.0
2026-06-12,23:16:01,HITEC City,23.52,83,1008,9.42,212,SW,0.0
2026-06-12,23:16:01,IDA Pashamylaram SPCB,24.05,83,1008,8.17,201,S,0.1
2026-06-12,23:16:01,Sanathnagar SPCB,24.31,80,1008,9.11,217,SW,0.0
2026-06-12,23:16:01,US Consulate,23.44,84,1008,9.45,209,SW,0.0
2026-06-12,23:16:01,Uppal SPCB,24.47,79,1008,8.82,228,SW,0.0
2026-06-12,23:16:01,Zoo Park SPCB,23.5,85,1008,9.41,219,SW,0.0
2026-06-13,23:03:39,Balanagar SPCB,25.87,69,1007,6.08,249,W,0.0
2026-06-13,23:03:39,HITEC City,25.39,70,1007,6.33,247,SW,0.0
2026-06-13,23:03:39,IDA Pashamylaram SPCB,25.18,75,1007,6.89,244,SW,0.0
2026-06-13,23:03:39,Sanathnagar SPCB,25.87,69,1007,6.08,249,W,0.0
2026-06-13,23:03:39,US Consulate,25.36,71,1007,6.45,246,SW,0.0
2026-06-13,23:03:39,Uppal SPCB,25.72,71,1007,6.47,247,SW,0.0
2026-06-13,23:03:39,Zoo Park SPCB,25.44,71,1007,6.43,244,SW,0.0
2026-06-14,23:09:03,Balanagar SPCB,28.04,50,1005,4.22,306,NW,0.0
2026-06-14,23:09:03,HITEC City,27.39,51,1005,4.19,301,NW,0.0
2026-06-14,23:09:03,IDA Pashamylaram SPCB,28.06,52,1005,4.82,299,NW,0.0
2026-06-14,23:09:03,Sanathnagar SPCB,28.04,50,1005,4.22,306,NW,0.0
2026-06-14,23:09:03,US Consulate,27.35,52,1005,4.2,299,NW,0.0
2026-06-14,23:09:03,Uppal SPCB,27.88,51,1005,4.09,304,NW,0.0
2026-06-14,23:09:03,Zoo Park SPCB,27.21,54,1005,4.16,297,NW,0.0
2026-06-15,22:18:09,Balanagar SPCB,31.13,39,1005,4.92,310,NW,0.0
2026-06-15,22:18:09,HITEC City,30.52,40,1005,5.28,315,NW,0.0
2026-06-15,22:18:09,IDA Pashamylaram SPCB,30.3,41,1005,5.89,318,NW,0.0
2026-06-15,22:18:09,Sanathnagar SPCB,31.13,39,1005,4.92,310,NW,0.0
2026-06-15,22:18:09,US Consulate,30.47,40,1005,5.5,317,NW,0.0
2026-06-15,22:18:09,Uppal SPCB,31.06,40,1005,4.54,299,NW,0.0
2026-06-15,22:18:09,Zoo Park SPCB,30.45,42,1005,4.9,312,NW,0.0
2026-06-16,23:23:38,Balanagar SPCB,31,40,1005,2.38,227,SW,0.0
2026-06-16,23:23:38,HITEC City,30.08,42,1005,2.89,238,SW,0.0
2026-06-16,23:23:38,IDA Pashamylaram SPCB,29.49,45,1006,3.04,272,W,0.0
2026-06-16,23:23:38,Sanathnagar SPCB,31,40,1005,2.38,227,SW,0.0
2026-06-16,23:23:38,US Consulate,29.9,42,1006,2.96,243,SW,0.0
2026-06-16,23:23:38,Uppal SPCB,30.92,42,1005,1.48,190,S,0.0
2026-06-16,23:23:38,Zoo Park SPCB,29.96,44,1005,3.04,236,SW,0.0
2026-06-17,22:02:57,Balanagar SPCB,30.68,43,1006,7.28,339,N,0.0
2026-06-17,22:02:57,HITEC City,30.15,43,1006,7.04,341,N,0.0
2026-06-17,22:02:57,IDA Pashamylaram SPCB,30.01,46,1006,5.63,347,N,0.0
2026-06-17,22:02:57,Sanathnagar SPCB,30.68,43,1006,7.28,339,N,0.0
2026-06-17,22:02:57,US Consulate,30.07,44,1006,6.93,343,N,0.0
2026-06-17,22:02:57,Uppal SPCB,31.06,40,1005,5.71,316,NW,0.0
2026-06-17,22:02:57,Zoo Park SPCB,30.76,41,1006,6.27,326,NW,0.0
2026-06-18,23:44:31,Balanagar SPCB,29.02,51,1006,6.71,221,SW,0.0
2026-06-18,23:44:31,HITEC City,28.17,53,1006,6.94,215,SW,0.0
2026-06-18,23:44:31,IDA Pashamylaram SPCB,28.66,53,1006,6.96,196,S,0.0
2026-06-18,23:44:31,Sanathnagar SPCB,29.02,51,1006,6.71,221,SW,0.0
2026-06-18,23:44:31,US Consulate,28.1,54,1006,6.96,211,SW,0.0
2026-06-18,23:44:31,Uppal SPCB,29.25,50,1006,6.54,233,SW,0.0
2026-06-18,23:44:31,Zoo Park SPCB,28.02,55,1006,7.12,221,SW,0.0
2026-06-19,22:56:29,Balanagar SPCB,30.02,47,1006,3.93,248,W,0.0
2026-06-19,22:56:29,HITEC City,29.36,49,1007,4.02,246,SW,0.0
2026-06-19,22:56:29,IDA Pashamylaram SPCB,29.71,48,1007,4.25,248,W,0.0
2026-06-19,22:56:29,Sanathnagar SPCB,30.02,47,1006,3.93,248,W,0.0
2026-06-19,22:56:29,US Consulate,29.31,50,1007,4.06,245,SW,0.0
2026-06-19,22:56:29,Uppal SPCB,29.75,49,1006,4.04,244,SW,0.0
2026-06-19,22:56:29,Zoo Park SPCB,29.28,51,1007,4.1,240,SW,0.0
2026-06-20,23:07:56,Balanagar SPCB,27.11,64,1007,6.51,241,SW,0.0
2026-06-20,23:07:56,HITEC City,26.23,67,1007,6.77,237,SW,0.0
2026-06-20,23:07:56,IDA Pashamylaram SPCB,26.29,69,1007,6.53,225,SW,0.0
2026-06-20,23:07:56,Sanathnagar SPCB,27.11,64,1007,6.51,241,SW,0.0
2026-06-20,23:07:56,US Consulate,26.05,69,1007,6.81,235,SW,0.0
2026-06-20,23:07:56,Uppal SPCB,27.89,61,1007,6.84,248,W,0.0
2026-06-20,23:07:56,Zoo Park SPCB,26.69,67,1007,7.34,246,SW,0.0
2026-06-21,23:11:58,Balanagar SPCB,27.11,61,1007,4.69,264,W,0.0
2026-06-21,23:11:58,HITEC City,26.17,63,1007,4.54,266,W,0.0
2026-06-21,23:11:58,IDA Pashamylaram SPCB,24.97,72,1008,4.09,261,W,0.0
2026-06-21,23:11:58,Sanathnagar SPCB,27.11,61,1007,4.69,264,W,0.0
2026-06-21,23:11:58,US Consulate,25.9,65,1007,4.52,267,W,0.0
2026-06-21,23:11:58,Uppal SPCB,27.79,62,1007,4.47,263,W,0.0
2026-06-21,23:11:58,Zoo Park SPCB,27.02,63,1007,4.18,267,W,0.0
2026-06-22,23:18:25,Balanagar SPCB,25.31,77,1007,0.63,4,N,0.0
2026-06-22,23:18:25,HITEC City,25.23,76,1007,1.24,330,NW,0.0
2026-06-22,23:18:25,IDA Pashamylaram SPCB,25.67,75,1007,2.17,264,W,0.35
2026-06-22,23:18:25,Sanathnagar SPCB,25.31,77,1007,0.63,4,N,0.0
2026-06-22,23:18:25,US Consulate,25.34,75,1007,1.37,313,NW,0.0
2026-06-22,23:18:25,Uppal SPCB,25.3,79,1007,1.45,37,NE,0.0
2026-06-22,23:18:25,Zoo Park SPCB,25.62,76,1007,2.58,351,N,0.0
2026-06-23,23:08:05,Balanagar SPCB,25.06,69,1006,6.44,251,W,0.0
2026-06-23,23:08:05,HITEC City,24.48,71,1006,6.31,250,W,0.0
2026-06-23,23:08:05,IDA Pashamylaram SPCB,24.4,73,1006,6.4,247,SW,0.0
2026-06-23,23:08:05,Sanathnagar SPCB,25.06,69,1006,6.44,251,W,0.0
2026-06-23,23:08:05,US Consulate,24.42,71,1006,6.29,249,W,0.0
2026-06-23,23:08:05,Uppal SPCB,25.37,69,1006,6.77,253,W,0.0
2026-06-23,23:08:05,Zoo Park SPCB,24.78,71,1006,6.36,249,W,0.0
2026-06-24,23:02:55,Balanagar SPCB,24.78,70,1006,5.4,263,W,0.0
2026-06-24,23:02:55,HITEC City,24.16,71,1006,5.43,261,W,0.0
2026-06-24,23:02:55,IDA Pashamylaram SPCB,24.1,74,1006,5.11,257,W,0.0
2026-06-24,23:02:55,Sanathnagar SPCB,24.78,70,1006,5.4,263,W,0.0
2026-06-24,23:02:55,US Consulate,24.09,72,1006,5.41,260,W,0.0
2026-06-24,23:02:55,Uppal SPCB,25.06,70,1006,5.66,263,W,0.0
2026-06-24,23:02:55,Zoo Park SPCB,24.4,72,1006,5.58,260,W,0.0
2026-06-25,23:17:01,Balanagar SPCB,24.81,81,1006,4.78,285,W,0.0
2026-06-25,23:17:01,HITEC City,24.22,83,1006,4.71,283,W,0.0
2026-06-25,23:17:01,IDA Pashamylaram SPCB,24.35,85,1006,3.8,269,W,0.0
2026-06-25,23:17:01,Sanathnagar SPCB,24.81,81,1006,4.78,285,W,0.0
2026-06-25,23:17:01,US Consulate,24.18,83,1006,4.63,282,W,0.0
2026-06-25,23:17:01,Uppal SPCB,25.26,79,1006,5.21,288,W,0.0
2026-06-25,23:17:01,Zoo Park SPCB,24.65,82,1006,5.09,287,W,0.0
2026-06-26,23:04:55,Balanagar SPCB,26.06,75,1006,4.59,288,W,0.0
2026-06-26,23:04:55,HITEC City,25.47,76,1006,4.53,286,W,0.0
2026-06-26,23:04:55,IDA Pashamylaram SPCB,25.18,80,1006,4.31,283,W,0.0
2026-06-26,23:04:55,Sanathnagar SPCB,26.06,75,1006,4.59,288,W,0.0
2026-06-26,23:04:55,US Consulate,25.38,76,1006,4.49,285,W,0.0
2026-06-26,23:04:55,Uppal SPCB,26,74,1006,4.78,288,W,0.0
2026-06-26,23:04:55,Zoo Park SPCB,25.71,74,1006,4.77,283,W,0.0
2026-06-27,23:01:19,Balanagar SPCB,25.04,77,1005,4.63,266,W,0.0
2026-06-27,23:01:19,HITEC City,24.45,79,1005,4.31,266,W,0.0
2026-06-27,23:01:19,IDA Pashamylaram SPCB,24.16,84,1005,4.15,257,W,0.0
2026-06-27,23:01:19,Sanathnagar SPCB,25.04,77,1005,4.63,266,W,0.0
2026-06-27,23:01:19,US Consulate,24.35,80,1005,4.21,265,W,0.0
2026-06-27,23:01:19,Uppal SPCB,25.55,77,1005,4.56,265,W,0.0
2026-06-27,23:01:19,Zoo Park SPCB,25.02,79,1005,4.24,265,W,0.0
2026-06-28,23:01:01,Balanagar SPCB,23.83,83,1004,6.22,285,W,0.0
2026-06-28,23:01:01,HITEC City,23.25,84,1004,6.29,286,W,0.0
2026-06-28,23:01:01,IDA Pashamylaram SPCB,23.27,86,1004,5.65,279,W,0.0
2026-06-28,23:01:01,Sanathnagar SPCB,23.83,83,1004,6.22,285,W,0.0
2026-06-28,23:01:01,US Consulate,23.19,85,1004,6.32,287,W,0.0
2026-06-28,23:01:01,Uppal SPCB,24.2,81,1004,5.75,281,W,0.0
2026-06-28,23:01:01,Zoo Park SPCB,23.63,85,1004,5.79,282,W,0.0
2026-06-29,22:55:59,Balanagar SPCB,24.01,82,1005,7.68,271,W,0.0
2026-06-29,22:55:59,HITEC City,23.52,83,1005,7.64,271,W,0.0
2026-06-29,22:55:59,IDA Pashamylaram SPCB,23.64,85,1005,7.33,269,W,0.0
2026-06-29,22:55:59,Sanathnagar SPCB,24.01,82,1005,7.68,271,W,0.0
2026-06-29,22:55:59,US Consulate,23.48,84,1005,7.6,271,W,0.0
2026-06-29,22:55:59,Uppal SPCB,24.55,80,1005,8.23,271,W,0.0
2026-06-29,22:55:59,Zoo Park SPCB,24.07,82,1005,8.01,270,W,0.0
2026-06-30,23:11:24,Balanagar SPCB,24.16,83,1005,6.51,274,W,0.0
2026-06-30,23:11:24,HITEC City,23.69,84,1005,6.73,272,W,0.0
2026-06-30,23:11:24,IDA Pashamylaram SPCB,23.58,87,1005,6.79,269,W,0.0
2026-06-30,23:11:24,Sanathnagar SPCB,24.16,83,1005,6.51,274,W,0.0
2026-06-30,23:11:24,US Consulate,23.64,85,1005,6.83,272,W,0.0
2026-06-30,23:11:24,Uppal SPCB,24.5,83,1005,6.71,273,W,0.0
2026-06-30,23:11:24,Zoo Park SPCB,24.21,84,1005,6.87,271,W,0.0
2026-07-01,23:14:10,Balanagar SPCB,23.76,80,1004,8.81,272,W,0.0
2026-07-01,23:14:10,HITEC City,23.26,81,1004,8.76,271,W,0.0
2026-07-01,23:14:10,IDA Pashamylaram SPCB,23.4,83,1005,8.09,266,W,0.0
2026-07-01,23:14:10,Sanathnagar SPCB,23.76,80,1004,8.81,272,W,0.0
2026-07-01,23:14:10,US Consulate,23.22,82,1004,8.7,270,W,0.0
2026-07-01,23:14:10,Uppal SPCB,24.26,79,1004,9.35,272,W,0.0
2026-07-01,23:14:10,Zoo Park SPCB,23.8,81,1004,9.2,271,W,0.0
2026-07-02,23:05:13,Balanagar SPCB,23.71,82,1005,6.79,269,W,0.0
2026-07-02,23:05:13,HITEC City,23.26,83,1005,7.05,268,W,0.0
2026-07-02,23:05:13,IDA Pashamylaram SPCB,23.32,85,1005,7.23,263,W,0.0
2026-07-02,23:05:13,Sanathnagar SPCB,23.71,82,1005,6.79,269,W,0.0
2026-07-02,23:05:13,US Consulate,23.24,83,1005,7.17,268,W,0.0
2026-07-02,23:05:13,Uppal SPCB,24.04,82,1005,7.29,270,W,0.0
2026-07-02,23:05:13,Zoo Park SPCB,23.7,82,1005,7.44,268,W,0.0
2026-07-03,23:02:16,Balanagar SPCB,23.42,85,1003,8.97,264,W,0.0
2026-07-03,23:02:16,HITEC City,23.02,85,1003,9.16,263,W,0.0
2026-07-03,23:02:16,IDA Pashamylaram SPCB,23.19,86,1003,9.25,260,W,0.0
2026-07-03,23:02:16,Sanathnagar SPCB,23.42,85,1003,8.97,264,W,0.0
2026-07-03,23:02:16,US Consulate,23.02,85,1003,9.2,263,W,0.0
2026-07-03,23:02:16,Uppal SPCB,23.77,84,1003,9.68,265,W,0.0
2026-07-03,23:02:16,Zoo Park SPCB,23.44,84,1003,9.75,263,W,0.0
2026-07-04,22:56:53,Balanagar SPCB,22.75,82,1002,9.78,261,W,0.0
2026-07-04,22:56:53,HITEC City,22.31,83,1002,10.18,261,W,0.0
2026-07-04,22:56:53,IDA Pashamylaram SPCB,22.49,84,1002,10.24,260,W,0.0
2026-07-04,22:56:53,Sanathnagar SPCB,22.75,82,1002,9.78,261,W,0.0
2026-07-04,22:56:53,US Consulate,22.3,83,1002,10.29,261,W,0.0
2026-07-04,22:56:53,Uppal SPCB,23.12,81,1002,10.06,263,W,0.0
2026-07-04,22:56:53,Zoo Park SPCB,22.75,82,1002,10.63,263,W,0.0
2026-07-05,22:59:51,Balanagar SPCB,23.64,79,1002,9.2,253,W,0.0
2026-07-05,22:59:51,HITEC City,23.18,80,1002,9.41,252,W,0.0
2026-07-05,22:59:51,IDA Pashamylaram SPCB,23.11,83,1002,9.85,249,W,0.0
2026-07-05,22:59:51,Sanathnagar SPCB,23.64,79,1002,9.2,253,W,0.0
2026-07-05,22:59:51,US Consulate,23.15,81,1002,9.49,252,W,0.0
2026-07-05,22:59:51,Uppal SPCB,24.11,78,1002,9.59,255,W,0.0
2026-07-05,22:59:51,Zoo Park SPCB,23.71,80,1002,9.76,252,W,0.0
2026-07-06,23:05:47,Balanagar SPCB,24.43,79,1002,8.74,243,SW,0.0
2026-07-06,23:05:47,HITEC City,23.9,80,1002,8.9,241,SW,0.0
2026-07-06,23:05:47,IDA Pashamylaram SPCB,24.06,82,1003,8.94,238,SW,0.0
2026-07-06,23:05:47,Sanathnagar SPCB,24.43,79,1002,8.74,243,SW,0.0
2026-07-06,23:05:47,US Consulate,23.87,81,1003,8.93,240,SW,0.0
2026-07-06,23:05:47,Uppal SPCB,24.77,78,1002,9.02,243,SW,0.0
2026-07-06,23:05:47,Zoo Park SPCB,24.23,81,1003,9.33,240,SW,0.0
2026-07-07,23:00:03,Balanagar SPCB,24.05,79,1004,8.17,245,SW,0.0
2026-07-07,23:00:03,HITEC City,23.57,80,1004,8.03,244,SW,0.0
2026-07-07,23:00:03,IDA Pashamylaram SPCB,23.71,81,1004,7.97,240,SW,0.0
2026-07-07,23:00:03,Sanathnagar SPCB,24.05,79,1004,8.17,245,SW,0.0
2026-07-07,23:00:03,US Consulate,23.55,80,1005,7.97,244,SW,0.0
2026-07-07,23:00:03,Uppal SPCB,24.37,78,1004,8.66,248,W,0.0
2026-07-07,23:00:03,Zoo Park SPCB,23.89,80,1005,8.32,246,SW,0.0
2026-07-08,23:05:48,Balanagar SPCB,24.85,80,1005,6.36,258,W,0.0
2026-07-08,23:05:48,HITEC City,24.34,81,1005,6.38,257,W,0.0
2026-07-08,23:05:48,IDA Pashamylaram SPCB,24.19,84,1005,6.32,254,W,0.0
2026-07-08,23:05:48,Sanathnagar SPCB,24.85,80,1005,6.36,258,W,0.0
2026-07-08,23:05:48,US Consulate,24.29,82,1005,6.37,257,W,0.0
2026-07-08,23:05:48,Uppal SPCB,25.15,79,1005,6.9,259,W,0.0
2026-07-08,23:05:48,Zoo Park SPCB,24.74,81,1005,6.67,257,W,0.0
2026-07-09,23:10:09,Balanagar SPCB,25.4,76,1007,6.02,277,W,0.0
2026-07-09,23:10:09,HITEC City,24.77,77,1007,6.08,276,W,0.0
2026-07-09,23:10:09,IDA Pashamylaram SPCB,24.53,80,1007,6.02,273,W,0.0
2026-07-09,23:10:09,Sanathnagar SPCB,25.4,76,1007,6.02,277,W,0.0
2026-07-09,23:10:09,US Consulate,24.67,78,1007,6.12,276,W,0.0
2026-07-09,23:10:09,Uppal SPCB,25.91,75,1006,6.21,277,W,0.0
2026-07-09,23:10:09,Zoo Park SPCB,25.23,78,1007,6.03,276,W,0.0
2026-07-10,22:58:12,Balanagar SPCB,25.34,76,1007,6.28,282,W,0.0
2026-07-10,22:58:12,HITEC City,24.7,77,1007,6.43,280,W,0.0
2026-07-10,22:58:12,IDA Pashamylaram SPCB,24.7,79,1007,6.25,277,W,0.0
2026-07-10,22:58:12,Sanathnagar SPCB,25.34,76,1007,6.28,282,W,0.0
2026-07-10,22:58:12,US Consulate,24.62,78,1007,6.48,279,W,0.0
2026-07-10,22:58:12,Uppal SPCB,25.79,75,1007,6.46,282,W,0.0
2026-07-10,22:58:12,Zoo Park SPCB,25.06,77,1007,6.66,280,W,0.0
2026-07-11,22:45:25,Balanagar SPCB,25.06,73,1006,6.45,272,W,0.0
2026-07-11,22:45:25,HITEC City,24.37,75,1006,6.51,271,W,0.0
2026-07-11,22:45:25,IDA Pashamylaram SPCB,24.22,77,1006,6.32,267,W,0.0
2026-07-11,22:45:25,Sanathnagar SPCB,25.06,73,1006,6.45,272,W,0.0
2026-07-11,22:45:25,US Consulate,24.26,76,1006,6.52,271,W,0.0
2026-07-11,22:45:25,Uppal SPCB,25.52,72,1005,6.77,273,W,0.0
2026-07-11,22:45:25,Zoo Park SPCB,24.81,75,1006,6.75,272,W,0.0
2026-07-12,22:46:03,Balanagar SPCB,25.31,71,1005,5.9,274,W,0.0
2026-07-12,22:46:03,HITEC City,24.64,72,1005,5.9,272,W,0.0
2026-07-12,22:46:03,IDA Pashamylaram SPCB,24.51,75,1005,5.78,269,W,0.0
2026-07-12,22:46:03,Sanathnagar SPCB,25.31,71,1005,5.9,274,W,0.0
2026-07-12,22:46:03,US Consulate,24.55,73,1005,5.89,272,W,0.0
2026-07-12,22:46:03,Uppal SPCB,25.62,70,1005,6.27,273,W,0.0
2026-07-12,22:46:03,Zoo Park SPCB,24.92,73,1005,6.11,272,W,0.0
2026-07-13,22:55:09,Balanagar SPCB,26.77,60,1006,6.17,290,W,0.0
2026-07-13,22:55:09,HITEC City,26.04,62,1006,6.11,289,W,0.0
2026-07-13,22:55:09,IDA Pashamylaram SPCB,25.85,64,1006,5.96,291,W,0.0
2026-07-13,22:55:09,Sanathnagar SPCB,26.77,60,1006,6.17,290,W,0.0
2026-07-13,22:55:09,US Consulate,25.91,62,1006,6.09,289,W,0.0
2026-07-13,22:55:09,Uppal SPCB,27.16,59,1005,6.47,288,W,0.0
2026-07-13,22:55:09,Zoo Park SPCB,26.31,62,1006,6.28,287,W,0.0
2026-07-14,22:55:40,Balanagar SPCB,26.55,55,1007,5.79,285,W,0.0
2026-07-14,22:55:40,HITEC City,25.95,57,1007,5.75,286,W,0.0
2026-07-14,22:55:40,IDA Pashamylaram SPCB,25.7,60,1007,5.64,284,W,0.0
2026-07-14,22:55:40,Sanathnagar SPCB,26.55,55,1007,5.79,285,W,0.0
2026-07-14,22:55:40,US Consulate,25.87,57,1007,5.72,286,W,0.0
2026-07-14,22:55:40,Uppal SPCB,27.05,54,1006,6.05,285,W,0.0
2026-07-14,22:55:40,Zoo Park SPCB,26.37,56,1007,5.74,285,W,0.0
2026-07-15,22:57:05,Balanagar SPCB,26.05,61,1007,5.69,286,W,0.0
2026-07-15,22:57:05,HITEC City,25.54,62,1007,5.66,285,W,0.0
2026-07-15,22:57:05,IDA Pashamylaram SPCB,25.62,64,1007,5.72,282,W,0.0
2026-07-15,22:57:05,Sanathnagar SPCB,26.05,61,1007,5.69,286,W,0.0
2026-07-15,22:57:05,US Consulate,25.51,63,1007,5.67,284,W,0.0
2026-07-15,22:57:05,Uppal SPCB,26.28,61,1007,5.92,285,W,0.0
2026-07-15,22:57:05,Zoo Park SPCB,25.8,63,1007,5.67,282,W,0.0
2026-07-16,22:55:57,Balanagar SPCB,24.19,77,1007,6.25,268,W,0.0
2026-07-16,22:55:57,HITEC City,23.49,79,1007,6.32,267,W,0.0
2026-07-16,22:55:57,IDA Pashamylaram SPCB,23.32,83,1007,6.26,256,W,0.0
2026-07-16,22:55:57,Sanathnagar SPCB,24.19,77,1007,6.25,268,W,0.0
2026-07-16,22:55:57,US Consulate,23.37,80,1007,6.34,266,W,0.0
2026-07-16,22:55:57,Uppal SPCB,24.9,75,1007,6.56,271,W,0.0
2026-07-16,22:55:57,Zoo Park SPCB,24.16,77,1007,6.59,269,W,0.0
2026-07-17,22:48:43,Balanagar SPCB,24.42,80,1007,6.26,279,W,0.0
2026-07-17,22:48:43,HITEC City,23.89,81,1007,6.26,277,W,0.0
2026-07-17,22:48:43,IDA Pashamylaram SPCB,24.12,81,1007,5.81,279,W,0.0
2026-07-17,22:48:43,Sanathnagar SPCB,24.42,80,1007,6.26,279,W,0.0
2026-07-17,22:48:43,US Consulate,23.86,81,1007,6.21,276,W,0.0
2026-07-17,22:48:43,Uppal SPCB,24.67,80,1006,6.59,276,W,0.0
2026-07-17,22:48:43,Zoo Park SPCB,24.11,82,1007,6.59,272,W,0.0
2026-07-18,22:47:26,Balanagar SPCB,23.48,81,1007,5.29,285,W,0.0
2026-07-18,22:47:26,HITEC City,23,82,1007,5.32,286,W,0.0
2026-07-18,22:47:26,IDA Pashamylaram SPCB,22.82,85,1007,5.03,283,W,0.0
2026-07-18,22:47:26,Sanathnagar SPCB,23.48,81,1007,5.29,285,W,0.0
2026-07-18,22:47:26,US Consulate,22.94,82,1007,5.32,286,W,0.0
2026-07-18,22:47:26,Uppal SPCB,23.96,80,1007,5.7,283,W,0.0
2026-07-18,22:47:26,Zoo Park SPCB,23.65,81,1007,5.57,285,W,0.0
2026-07-19,22:50:45,Balanagar SPCB,22.66,90,1006,5.79,283,W,0.0
2026-07-19,22:50:45,HITEC City,22.23,91,1007,5.62,285,W,0.0
2026-07-19,22:50:45,IDA Pashamylaram SPCB,21.93,95,1007,5.09,279,W,0.0
2026-07-19,22:50:45,Sanathnagar SPCB,22.66,90,1006,5.79,283,W,0.0
2026-07-19,22:50:45,US Consulate,22.18,91,1007,5.53,285,W,0.0
2026-07-19,22:50:45,Uppal SPCB,23.23,88,1006,6.21,283,W,0.0
2026-07-19,22:50:45,Zoo Park SPCB,22.93,88,1007,5.9,285,W,0.0
2026-07-20,22:59:22,Balanagar SPCB,23.59,87,1006,6.39,271,W,0.65
2026-07-20,22:59:22,HITEC City,23.22,87,1007,6.41,271,W,1.83
2026-07-20,22:59:22,IDA Pashamylaram SPCB,23.3,88,1007,6.13,267,W,3.55
2026-07-20,22:59:22,Sanathnagar SPCB,23.59,87,1006,6.39,271,W,0.65
2026-07-20,22:59:22,US Consulate,23.22,87,1007,6.42,271,W,1.78
2026-07-20,22:59:22,Uppal SPCB,24.04,85,1006,6.88,273,W,0.0
2026-07-20,22:59:22,Zoo Park SPCB,23.78,85,1006,6.71,273,W,0.17
2026-07-21,22:55:08,Zoo Park SPCB,22.91,86,1007,6.9,264,W,0.65
2026-07-21,22:55:08,Balanagar SPCB,23.02,85,1006,6.82,266,W,0.42
2026-07-21,22:55:08,HITEC City,22.63,85,1007,6.85,265,W,0.42
2026-07-21,22:55:08,IDA Pashamylaram SPCB,22.71,85,1007,7.01,263,W,0.13
2026-07-21,22:55:08,Sanathnagar SPCB,23.02,85,1006,6.82,266,W,0.43
2026-07-21,22:55:08,US Consulate,22.64,85,1007,6.88,265,W,0.37
2026-07-21,22:55:08,Uppal SPCB,23.14,86,1006,7.02,266,W,0.0
2026-07-22,23:01:36,Balanagar SPCB,22.51,82,1006,7.26,247,SW,0.0
2026-07-22,23:01:36,HITEC City,22.05,83,1006,6.95,246,SW,0.0
2026-07-22,23:01:36,IDA Pashamylaram SPCB,22,85,1006,7.06,244,SW,0.0
2026-07-22,23:01:36,Sanathnagar SPCB,22.51,82,1006,7.26,247,SW,0.0
2026-07-22,23:01:36,US Consulate,22.03,84,1006,6.86,245,SW,0.0
2026-07-22,23:01:36,Uppal SPCB,23.02,81,1006,7.28,246,SW,0.0
2026-07-22,23:01:36,Zoo Park SPCB,22.57,85,1006,6.75,243,SW,0.0
2026-07-23,22:54:56,Balanagar SPCB,23.49,71,1006,8.58,243,SW,0.0
2026-07-23,22:54:56,HITEC City,22.95,72,1006,8.49,241,SW,0.0
2026-07-23,22:54:56,IDA Pashamylaram SPCB,22.74,76,1006,8.14,234,SW,0.0
2026-07-23,22:54:56,Sanathnagar SPCB,23.49,71,1006,8.58,243,SW,0.0
2026-07-23,22:54:56,US Consulate,22.89,73,1006,8.42,240,SW,0.0
2026-07-23,22:54:56,Uppal SPCB,23.91,69,1005,9.07,246,SW,0.0
2026-07-23,22:54:56,Zoo Park SPCB,23.35,72,1006,8.96,242,SW,0.0
2026-07-24,22:59:55,Balanagar SPCB,22.96,76,1005,7.01,260,W,0.0
2026-07-24,22:59:55,HITEC City,22.45,78,1006,6.95,258,W,0.0
2026-07-24,22:59:55,IDA Pashamylaram SPCB,22.37,81,1006,6.7,253,W,0.0
2026-07-24,22:59:55,Sanathnagar SPCB,22.96,76,1005,7.01,260,W,0.0
2026-07-24,22:59:55,US Consulate,22.41,78,1006,6.9,257,W,0.0
2026-07-24,22:59:55,Uppal SPCB,23.39,75,1005,7.53,261,W,0.0
2026-07-24,22:59:55,Zoo Park SPCB,22.86,77,1006,7.39,257,W,0.0
2026-07-25,22:54:27,Balanagar SPCB,23.92,81,1005,6.42,264,W,0.0
2026-07-25,22:54:27,HITEC City,23.34,82,1005,6.5,263,W,0.0
2026-07-25,22:54:27,IDA Pashamylaram SPCB,23.13,85,1005,6.45,256,W,0.0
2026-07-25,22:54:27,Sanathnagar SPCB,23.92,81,1005,6.42,264,W,0.0
2026-07-25,22:54:27,US Consulate,23.26,83,1005,6.52,262,W,0.0
2026-07-25,22:54:27,Uppal SPCB,24.45,79,1005,7.02,265,W,0.0
2026-07-25,22:54:27,Zoo Park SPCB,23.92,81,1005,6.96,263,W,0.0
2026-07-26,22:57:46,Balanagar SPCB,24.12,81,1005,6.89,269,W,0.0
2026-07-26,22:57:46,HITEC City,23.6,82,1005,7.17,268,W,0.0
2026-07-26,22:57:46,IDA Pashamylaram SPCB,23.54,84,1005,7.58,264,W,0.0
2026-07-26,22:57:46,Sanathnagar SPCB,24.12,81,1005,6.89,269,W,0.0
2026-07-26,22:57:46,US Consulate,23.55,82,1005,7.29,268,W,0.0
2026-07-26,22:57:46,Uppal SPCB,24.62,80,1005,6.97,269,W,0.0
2026-07-26,22:57:46,Zoo Park SPCB,24.12,81,1005,7.17,267,W,0.0
2026-07-27,23:00:06,Balanagar SPCB,23.42,86,1004,6.62,269,W,0.0
2026-07-27,23:00:06,HITEC City,22.94,86,1004,6.81,268,W,0.0
2026-07-27,23:00:06,IDA Pashamylaram SPCB,23.13,87,1004,6.87,265,W,0.0
2026-07-27,23:00:06,Sanathnagar SPCB,23.42,86,1004,6.62,269,W,0.0
2026-07-27,23:00:06,US Consulate,22.93,86,1004,6.88,267,W,0.0
2026-07-27,23:00:06,Uppal SPCB,23.79,85,1003,7.07,269,W,0.0
2026-07-27,23:00:06,Zoo Park SPCB,23.29,86,1004,7.1,266,W,0.0
2026-07-28,22:56:30,Balanagar SPCB,22.73,91,1002,7.53,270,W,0.33
2026-07-28,22:56:30,HITEC City,22.4,90,1002,7.49,270,W,0.34
2026-07-28,22:56:30,IDA Pashamylaram SPCB,22.69,91,1002,7.34,267,W,0.0
2026-07-28,22:56:30,Sanathnagar SPCB,22.73,91,1002,7.53,270,W,0.33
2026-07-28,22:56:30,US Consulate,22.44,91,1002,7.48,269,W,0.35
2026-07-28,22:56:30,Uppal SPCB,23.15,89,1002,7.93,271,W,0.24
2026-07-28,22:56:30,Zoo Park SPCB,22.95,90,1002,7.68,269,W,0.25
2026-07-29,22:58:33,Balanagar SPCB,22.43,92,1000,7.57,264,W,2.82
2026-07-29,22:58:33,HITEC City,22.11,92,1000,7.71,264,W,3.07
2026-07-29,22:58:33,IDA Pashamylaram SPCB,22.46,92,1000,7.7,262,W,1.15
2026-07-29,22:58:33,Sanathnagar SPCB,22.43,92,1000,7.57,264,W,2.82
2026-07-29,22:58:33,US Consulate,22.15,92,1000,7.75,264,W,2.73
2026-07-29,22:58:33,Uppal SPCB,22.77,92,1000,8.25,265,W,1.28
2026-07-29,22:58:33,Zoo Park SPCB,22.62,91,1000,8.14,265,W,3.65
2026-07-30,23:05:14,Balanagar SPCB,23.42,86,999,8.18,248,W,0.0
2026-07-30,23:05:14,HITEC City,23,87,999,8.5,248,W,0.1
2026-07-30,23:05:14,IDA Pashamylaram SPCB,22.96,89,999,9.04,248,W,0.0
2026-07-30,23:05:14,Sanathnagar SPCB,23.42,86,999,8.18,248,W,0.0
2026-07-30,23:05:14,US Consulate,22.99,87,999,8.62,248,W,0.12
2026-07-30,23:05:14,Uppal SPCB,23.94,85,999,8.06,248,W,0.0
2026-07-30,23:05:14,Zoo Park SPCB,23.57,86,999,8.62,247,SW,0.0
2026-07-31,22:58:28,Balanagar SPCB,23.09,86,1003,5.78,245,SW,0.0
2026-07-31,22:58:28,HITEC City,22.66,87,1003,6.03,244,SW,0.0
2026-07-31,22:58:28,IDA Pashamylaram SPCB,22.8,89,1003,6.08,242,SW,0.0
2026-07-31,22:58:28,Sanathnagar SPCB,23.09,86,1003,5.78,245,SW,0.0
2026-07-31,22:58:28,US Consulate,22.65,87,1003,6.08,244,SW,0.0
2026-07-31,22:58:28,Uppal SPCB,23.48,85,1003,6.3,248,W,0.0
2026-07-31,22:58:28,Zoo Park SPCB,23.1,86,1003,6.53,243,SW,0.0
2026-08-01,22:54:02,Balanagar SPCB,23.71,82,1005,5.88,266,W,0.0
2026-08-01,22:54:02,HITEC City,23.19,83,1005,5.85,264,W,0.0
2026-08-01,22:54:02,IDA Pashamylaram SPCB,23.13,85,1005,5.63,259,W,0.0
2026-08-01,22:54:02,Sanathnagar SPCB,23.71,82,1005,5.88,266,W,0.0
2026-08-01,22:54:02,US Consulate,23.14,83,1005,5.81,263,W,0.0
2026-08-01,22:54:02,Uppal SPCB,24.11,80,1005,6.35,267,W,0.0
2026-08-01,22:54:02,Zoo Park SPCB,23.6,83,1005,6.19,262,W,0.0
2026-08-02,22:54:59,Balanagar SPCB,24.13,84,1006,5.27,277,W,0.0
2026-08-02,22:54:59,HITEC City,23.6,85,1006,5.32,275,W,0.0
2026-08-02,22:54:59,IDA Pashamylaram SPCB,23.57,88,1006,5.23,273,W,0.0
2026-08-02,22:54:59,Sanathnagar SPCB,24.13,84,1006,5.27,277,W,0.0
2026-08-02,22:54:59,US Consulate,23.55,85,1006,5.36,275,W,0.0
2026-08-02,22:54:59,Uppal SPCB,24.73,81,1006,5.71,276,W,0.0
2026-08-02,22:54:59,Zoo Park SPCB,24.25,83,1006,5.58,272,W,0.0
2026-08-03,22:58:19,Balanagar SPCB,24.44,82,1007,5.47,291,W,0.15
2026-08-03,22:58:19,HITEC City,23.84,84,1007,5.47,290,W,0.22
2026-08-03,22:58:19,IDA Pashamylaram SPCB,23.63,87,1007,5.19,290,W,0.21
2026-08-03,22:58:19,Sanathnagar SPCB,24.44,82,1007,5.47,291,W,0.15
2026-08-03,22:58:19,US Consulate,23.77,85,1007,5.47,290,W,0.22
2026-08-03,22:58:19,Uppal SPCB,24.76,82,1007,5.72,290,W,0.0
2026-08-03,22:58:19,Zoo Park SPCB,24.15,84,1007,5.57,287,W,0.0
2026-08-04,23:02:03,Balanagar SPCB,24,85,1006,5.63,273,W,0.0
2026-08-04,23:02:03,HITEC City,23.43,86,1006,5.73,272,W,0.0
2026-08-04,23:02:03,IDA Pashamylaram SPCB,23.37,89,1006,5.75,269,W,0.0
2026-08-04,23:02:03,Sanathnagar SPCB,24,85,1006,5.63,273,W,0.0
2026-08-04,23:02:03,US Consulate,23.37,87,1006,5.78,272,W,0.0
2026-08-04,23:02:03,Uppal SPCB,24.39,84,1005,5.84,274,W,0.0
2026-08-04,23:02:03,Zoo Park SPCB,23.78,86,1006,5.75,273,W,0.0
2026-08-05,22:56:43,Balanagar SPCB,23.76,85,1005,5.78,271,W,0.0
2026-08-05,22:56:43,HITEC City,23.16,87,1005,5.81,269,W,0.0
2026-08-05,22:56:43,IDA Pashamylaram SPCB,23.05,90,1005,5.73,265,W,0.0
2026-08-05,22:56:43,Sanathnagar SPCB,23.76,85,1005,5.78,271,W,0.0
2026-08-05,22:56:43,US Consulate,23.09,88,1005,5.83,268,W,0.0
2026-08-05,22:56:43,Uppal SPCB,24.28,84,1005,6.12,270,W,0.0
2026-08-05,22:56:43,Zoo Park SPCB,23.62,86,1005,6,267,W,0.0
2026-08-06,23:56:47,Balanagar SPCB,23.38,87,1004,6.34,283,W,0.0
2026-08-06,23:56:47,HITEC City,22.93,87,1005,6.27,281,W,0.0
2026-08-06,23:56:47,IDA Pashamylaram SPCB,22.96,89,1005,5.9,279,W,0.19
2026-08-06,23:56:47,Sanathnagar SPCB,23.38,87,1004,6.34,283,W,0.0
2026-08-06,23:56:47,US Consulate,22.92,87,1005,6.23,281,W,0.0
2026-08-06,23:56:47,Uppal SPCB,23.74,85,1004,7.04,283,W,0.0
2026-08-06,23:56:47,Zoo Park SPCB,23.35,86,1005,6.78,279,W,0.0
2026-08-07,22:32:57,Balanagar SPCB,23.54,85,1005,5.51,291,W,0.12
2026-08-07,22:32:57,HITEC City,23.13,86,1005,5.51,288,W,0.1
2026-08-07,22:32:57,IDA Pashamylaram SPCB,23.07,87,1005,5.47,284,W,0.0
2026-08-07,22:32:57,Sanathnagar SPCB,23.54,85,1005,5.51,291,W,0.12
2026-08-07,22:32:57,US Consulate,23.1,86,1005,5.49,287,W,0.0
2026-08-07,22:32:57,Uppal SPCB,24.11,83,1005,5.97,290,W,0.0
2026-08-07,22:32:57,Zoo Park SPCB,23.7,85,1005,5.84,286,W,0.0
2026-08-08,22:27:00,Balanagar SPCB,23.93,83,1005,5.04,279,W,0.0
2026-08-08,22:27:00,HITEC City,23.33,84,1006,5.12,276,W,0.0
2026-08-08,22:27:00,IDA Pashamylaram SPCB,23.26,87,1006,5.12,275,W,0.0
2026-08-08,22:27:00,Sanathnagar SPCB,23.93,83,1005,5.04,279,W,0.0
2026-08-08,22:27:00,US Consulate,23.26,85,1006,5.17,276,W,0.0
2026-08-08,22:27:00,Uppal SPCB,24.37,81,1005,5.39,279,W,0.0
2026-08-08,22:27:00,Zoo Park SPCB,23.74,85,1006,5.3,275,W,0.0
2026-08-09,22:29:00,Balanagar SPCB,24.33,81,1005,5.1,270,W,0.0
2026-08-09,22:29:00,HITEC City,23.74,83,1005,5.22,269,W,0.0
2026-08-09,22:29:00,IDA Pashamylaram SPCB,23.41,87,1005,4.87,264,W,0.0
2026-08-09,22:29:00,Sanathnagar SPCB,24.33,81,1005,5.1,270,W,0.0
2026-08-09,22:29:00,US Consulate,23.64,83,1005,5.21,268,W,0.0
2026-08-09,22:29:00,Uppal SPCB,25.01,78,1005,5.34,272,W,0.0
2026-08-09,22:29:00,Zoo Park SPCB,24.38,81,1005,5.56,269,W,0.0
2026-08-10,22:35:26,Balanagar SPCB,24.05,78,1005,3.97,276,W,0.0
2026-08-10,22:35:26,HITEC City,23.46,80,1005,3.99,274,W,0.0
2026-08-10,22:35:26,IDA Pashamylaram SPCB,23.23,84,1005,3.77,268,W,0.0
2026-08-10,22:35:26,Sanathnagar SPCB,24.05,78,1005,3.97,276,W,0.0
2026-08-10,22:35:26,US Consulate,23.4,81,1005,3.98,273,W,0.0
2026-08-10,22:35:26,Uppal SPCB,24.49,77,1005,4.24,275,W,0.0
2026-08-10,22:35:26,Zoo Park SPCB,23.84,80,1005,4.26,272,W,0.0
2026-08-11,22:39:19,Balanagar SPCB,23.78,84,1005,5.83,262,W,0.0
2026-08-11,22:39:19,HITEC City,23.31,85,1005,5.99,261,W,0.0
2026-08-11,22:39:19,IDA Pashamylaram SPCB,23.28,87,1005,6.03,256,W,0.0
2026-08-11,22:39:19,Sanathnagar SPCB,23.78,84,1005,5.83,262,W,0.0
2026-08-11,22:39:19,US Consulate,23.29,85,1005,6.05,260,W,0.0
2026-08-11,22:39:19,Uppal SPCB,24.32,83,1005,6.23,262,W,0.0
2026-08-11,22:39:19,Zoo Park SPCB,23.8,84,1005,6.14,260,W,0.0
2026-08-12,22:38:11,Balanagar SPCB,24.47,85,1008,5.36,270,W,0.0
2026-08-12,22:38:11,HITEC City,24.16,86,1008,5.38,269,W,0.0
2026-08-12,22:38:11,IDA Pashamylaram SPCB,22.93,87,1008,5.24,265,W,0.0
2026-08-12,22:38:11,Sanathnagar SPCB,24.41,85,1008,5.36,270,W,0.0
2026-08-12,22:38:11,US Consulate,24.27,86,1008,5.4,268,W,0.0
2026-08-12,22:38:11,Uppal SPCB,24.79,84,1008,5.69,269,W,0.0
2026-08-12,22:38:11,Zoo Park SPCB,24.65,88,1008,4.12,260,W,0.0
2026-08-13,22:39:14,Balanagar SPCB,24.89,76,1008,16.632,0,N,0.0
2026-08-13,22:39:14,HITEC City,24.58,76,1008,5.42,280,W,0.0
2026-08-13,22:39:14,IDA Pashamylaram SPCB,22.95,83,1008,5.13,275,W,0.0
2026-08-13,22:39:14,Sanathnagar SPCB,24.83,76,1008,16.632,0,N,0.0
2026-08-13,22:39:14,US Consulate,24.69,76,1008,5.44,279,W,0.0
2026-08-13,22:39:14,Uppal SPCB,25.21,76,1008,16.632,0,N,0.0
2026-08-13,22:39:14,Zoo Park SPCB,25.07,76,1008,6.69,280,W,0.0
2026-08-14,22:20:24,Balanagar SPCB,25.11,79,1009,21.504,0,N,0.0
2026-08-14,22:20:24,HITEC City,24.8,79,1009,6.44,269,W,0.0
2026-08-14,22:20:24,IDA Pashamylaram SPCB,23.28,83,1008,5.98,267,W,0.0
2026-08-14,22:20:24,Sanathnagar SPCB,25.06,79,1009,21.504,0,N,0.0
2026-08-14,22:20:24,US Consulate,24.91,79,1009,6.46,269,W,0.0
2026-08-14,22:20:24,Uppal SPCB,25.44,79,1009,21.504,0,N,0.0
2026-08-14,22:20:24,Zoo Park SPCB,25.3,79,1009,6.69,270,W,0.0
2026-08-15,22:18:35,Balanagar SPCB,23.47,88,1008,6.71,275,W,0.0
2026-08-15,22:18:35,HITEC City,23.16,89,1009,6.73,275,W,0.0
2026-08-15,22:18:35,IDA Pashamylaram SPCB,24.76,87,1008,6.36,271,W,0.0
2026-08-15,22:18:35,Sanathnagar SPCB,23.41,88,1008,6.71,275,W,0.0
2026-08-15,22:18:35,US Consulate,23.27,89,1009,6.72,275,W,0.0
2026-08-15,22:18:35,Uppal SPCB,23.79,88,1009,7.17,276,W,0.0
2026-08-15,22:18:35,Zoo Park SPCB,23.65,94,1009,5.14,260,W,0.0
2026-08-16,22:18:44,Balanagar SPCB,24.47,81,1009,6.43,268,W,0.0
2026-08-16,22:18:44,HITEC City,24.16,82,1010,6.63,266,W,0.0
2026-08-16,22:18:44,IDA Pashamylaram SPCB,24.8,82,1009,6.66,263,W,0.0
2026-08-16,22:18:44,Sanathnagar SPCB,24.41,81,1009,6.43,268,W,0.0
2026-08-16,22:18:44,US Consulate,24.27,82,1010,6.7,266,W,0.0
2026-08-16,22:18:44,Uppal SPCB,24.79,81,1010,6.83,268,W,0.0
2026-08-16,22:18:44,Zoo Park SPCB,24.65,83,1010,5.66,260,W,0.0
2026-08-17,22:22:10,Balanagar SPCB,24.83,74,1010,5.61,276,W,0.0
2026-08-17,22:22:10,HITEC City,24.52,74,1011,5.59,274,W,0.0
2026-08-17,22:22:10,IDA Pashamylaram SPCB,23.2,78,1010,5.23,270,W,0.0
2026-08-17,22:22:10,Sanathnagar SPCB,24.77,74,1010,5.61,276,W,0.0
2026-08-17,22:22:10,US Consulate,24.63,74,1011,5.59,273,W,0.0
2026-08-17,22:22:10,Uppal SPCB,25.16,74,1011,5.86,275,W,0.0
2026-08-17,22:22:10,Zoo Park SPCB,25.01,74,1011,6.17,260,W,0.0
2026-08-18,22:20:39,Balanagar SPCB,25.52,77,1009,13.656,0,N,0.0
2026-08-18,22:20:39,HITEC City,25.21,77,1009,4.94,276,W,0.0
2026-08-18,22:20:39,IDA Pashamylaram SPCB,23.63,79,1009,4.95,279,W,0.0
2026-08-18,22:20:39,Sanathnagar SPCB,25.47,77,1009,13.656,0,N,0.0
2026-08-18,22:20:39,US Consulate,25.32,77,1009,4.93,276,W,0.0
2026-08-18,22:20:39,Uppal SPCB,25.85,77,1009,13.656,0,N,0.0
2026-08-18,22:20:39,Zoo Park SPCB,25.71,77,1010,4.63,250,W,0.0
2026-08-19,22:22:02,Balanagar SPCB,25.45,77,1010,25.2,0,N,0.25
2026-08-19,22:22:02,HITEC City,25.14,77,1010,4.7,284,W,0.25
2026-08-19,22:22:02,IDA Pashamylaram SPCB,23.95,81,1009,5.03,289,W,0.25
2026-08-19,22:22:02,Sanathnagar SPCB,25.4,77,1010,25.2,0,N,0.25
2026-08-19,22:22:02,US Consulate,25.25,77,1010,4.81,284,W,0.25
2026-08-19,22:22:02,Uppal SPCB,25.78,77,1010,25.2,0,N,0.26
2026-08-19,22:22:02,Zoo Park SPCB,25.64,77,1010,4.63,260,W,0.27
2026-08-20,22:25:17,Balanagar SPCB,24.47,82,1009,4.85,277,W,0.17
2026-08-20,22:25:17,HITEC City,24.16,82,1009,4.89,277,W,0.2
2026-08-20,22:25:17,IDA Pashamylaram SPCB,25.19,83,1008,4.91,278,W,0.23
2026-08-20,22:25:17,Sanathnagar SPCB,24.41,82,1009,4.85,277,W,0.17
2026-08-20,22:25:17,US Consulate,24.27,82,1009,4.93,277,W,0.22
2026-08-20,22:25:17,Uppal SPCB,24.79,81,1009,5.13,277,W,0.11
2026-08-20,22:25:17,Zoo Park SPCB,24.65,83,1010,5.14,270,W,0.16
2026-08-21,22:22:35,Balanagar SPCB,24.47,82,1009,6.42,275,W,0.0
2026-08-21,22:22:35,HITEC City,24.16,82,1009,6.62,274,W,0.0
2026-08-21,22:22:35,IDA Pashamylaram SPCB,25.4,82,1008,6.68,268,W,0.0
2026-08-21,22:22:35,Sanathnagar SPCB,24.41,82,1009,6.42,275,W,0.0
2026-08-21,22:22:35,US Consulate,24.27,82,1009,6.69,273,W,0.0
2026-08-21,22:22:35,Uppal SPCB,24.79,82,1009,6.63,276,W,0.0
2026-08-21,22:22:35,Zoo Park SPCB,24.65,78,1009,6.69,260,W,0.0
2026-08-22,22:19:35,Balanagar SPCB,23.47,90,1008,5.71,282,W,0.0
2026-08-22,22:19:35,HITEC City,23.16,90,1008,5.76,280,W,0.0
2026-08-22,22:19:35,IDA Pashamylaram SPCB,25.7,89,1007,5.11,277,W,0.0
2026-08-22,22:19:35,Sanathnagar SPCB,23.41,90,1008,5.71,282,W,0.0
2026-08-22,22:19:35,US Consulate,23.27,90,1008,5.74,280,W,0.0
2026-08-22,22:19:35,Uppal SPCB,23.79,90,1008,6.08,281,W,0.0
2026-08-22,22:19:35,Zoo Park SPCB,23.65,94,1008,4.63,270,W,0.0
2026-08-23,22:19:24,Balanagar SPCB,23.7,85,1008,22.704,0,N,0.0
2026-08-23,22:19:24,HITEC City,23.39,85,1008,6.45,272,W,0.11
2026-08-23,22:19:24,IDA Pashamylaram SPCB,22.73,90,1007,6.15,269,W,0.13
2026-08-23,22:19:24,Sanathnagar SPCB,23.64,85,1008,22.704,0,N,0.0
2026-08-23,22:19:24,US Consulate,23.5,85,1008,6.45,272,W,0.13
2026-08-23,22:19:24,Uppal SPCB,24.03,85,1008,22.704,0,N,0.0
2026-08-23,22:19:24,Zoo Park SPCB,23.88,85,1009,5.14,260,W,0.0
2026-08-24,22:23:40,Balanagar SPCB,25.02,83,1008,24,0,N,0.32
2026-08-24,22:23:40,HITEC City,24.71,83,1008,3.87,267,W,0.71
2026-08-24,22:23:40,IDA Pashamylaram SPCB,22.88,88,1008,4.35,264,W,0.9
2026-08-24,22:23:40,Sanathnagar SPCB,24.96,83,1008,24,0,N,0.32
2026-08-24,22:23:40,US Consulate,24.82,83,1008,3.96,267,W,0.86
2026-08-24,22:23:40,Uppal SPCB,25.34,83,1008,24,0,N,0.0
2026-08-24,22:23:40,Zoo Park SPCB,25.2,84,1009,6.17,270,W,0.74
2026-08-25,22:24:49,Balanagar SPCB,24.47,87,1009,5.31,275,W,0.0
2026-08-25,22:24:49,HITEC City,24.16,88,1009,5.49,273,W,0.0
2026-08-25,22:24:49,IDA Pashamylaram SPCB,24.58,89,1009,5.26,268,W,0.0
2026-08-25,22:24:49,Sanathnagar SPCB,24.41,87,1009,5.31,275,W,0.0
2026-08-25,22:24:49,US Consulate,24.27,88,1009,5.55,272,W,0.0
2026-08-25,22:24:49,Uppal SPCB,24.79,87,1009,5.5,273,W,0.0
2026-08-25,22:24:49,Zoo Park SPCB,24.65,88,1010,5.66,260,W,0.0
2026-08-26,22:43:31,Balanagar SPCB,24.47,79,1008,5.28,279,W,0.0
2026-08-26,22:43:31,HITEC City,24.16,80,1008,5.4,278,W,0.0
2026-08-26,22:43:31,IDA Pashamylaram SPCB,23.88,82,1008,5.46,278,W,0.0
2026-08-26,22:43:31,Sanathnagar SPCB,24.41,79,1008,5.28,279,W,0.0
2026-08-26,22:43:31,US Consulate,24.27,80,1009,5.46,278,W,0.0
2026-08-26,22:43:31,Uppal SPCB,24.79,78,1008,5.05,281,W,0.0
2026-08-26,22:43:31,Zoo Park SPCB,24.65,83,1009,6.17,280,W,0.0
2026-08-27,18:50:43,Balanagar SPCB,26.47,75,1009,3.79,258,W,0.0
2026-08-27,18:50:43,HITEC City,26.16,75,1009,3.79,257,W,0.13
2026-08-27,18:50:43,IDA Pashamylaram SPCB,25.82,76,1009,3.89,256,W,0.21
2026-08-27,18:50:43,Sanathnagar SPCB,26.41,75,1009,3.79,258,W,0.0
2026-08-27,18:50:43,US Consulate,26.27,76,1009,3.68,255,W,0.15
2026-08-27,18:50:43,Uppal SPCB,26.79,73,1009,4.19,266,W,0.0
2026-08-27,18:50:43,Zoo Park SPCB,26.65,78,1010,2.57,240,SW,0.0
2026-08-28,18:13:01,Balanagar SPCB,26.15,80,1010,0.144,0,N,0.13
2026-08-28,18:13:01,HITEC City,25.83,80,1010,6.03,261,W,0.14
2026-08-28,18:13:01,IDA Pashamylaram SPCB,24.12,78,1010,5.66,253,W,0.12
2026-08-28,18:13:01,Sanathnagar SPCB,26.09,80,1010,0.144,0,N,0.13
2026-08-28,18:13:01,US Consulate,25.94,80,1010,6.06,261,W,0.14
2026-08-28,18:13:01,Uppal SPCB,26.47,80,1010,5.53,265,W,0.1
2026-08-28,18:13:01,Zoo Park SPCB,26.33,80,1010,6.69,270,W,0.12
2026-08-29,23:53:23,Balanagar SPCB,22.47,87,1008,5.68,281,W,0.0
2026-08-29,23:53:23,HITEC City,22.16,88,1009,5.51,280,W,0.0
2026-08-29,23:53:23,IDA Pashamylaram SPCB,23.77,88,1008,5.34,280,W,0.0
2026-08-29,23:53:23,Sanathnagar SPCB,22.41,87,1008,5.68,281,W,0.0
2026-08-29,23:53:23,US Consulate,22.27,88,1009,5.47,280,W,0.0
2026-08-29,23:53:23,Uppal SPCB,22.79,86,1008,5.92,279,W,0.0
2026-08-29,23:53:23,Zoo Park SPCB,22.65,94,1009,7.2,270,W,0.0
2026-08-30,22:24:07,Balanagar SPCB,23.47,84,1010,6.03,292,W,0.0
2026-08-30,22:24:07,HITEC City,23.16,85,1010,5.71,291,W,0.0
2026-08-30,22:24:07,IDA Pashamylaram SPCB,23.35,82,1009,5.29,293,NW,0.0
2026-08-30,22:24:07,Sanathnagar SPCB,23.41,84,1010,6.03,292,W,0.0
2026-08-30,22:24:07,US Consulate,23.27,85,1010,5.59,292,W,0.0
2026-08-30,22:24:07,Uppal SPCB,23.79,84,1010,6.48,289,W,0.0
2026-08-30,22:24:07,Zoo Park SPCB,23.65,88,1010,6.17,270,W,0.0
2026-08-31,23:37:15,Balanagar SPCB,24.6,82,1009,5.04,0,N,0.0
2026-08-31,23:37:15,HITEC City,24.29,82,1009,3.46,294,NW,0.0
2026-08-31,23:37:15,IDA Pashamylaram SPCB,22.41,86,1009,3.44,281,W,0.0
2026-08-31,23:37:15,Sanathnagar SPCB,24.54,82,1009,5.04,0,N,0.0
2026-08-31,23:37:15,US Consulate,24.4,82,1009,3.48,292,W,0.0
2026-08-31,23:37:15,Uppal SPCB,24.92,82,1009,5.04,0,N,0.0
2026-08-31,23:37:15,Zoo Park SPCB,24.78,82,1009,5.14,280,W,0.0
2026-09-01,22:23:04,Balanagar SPCB,24.47,81,1011,2.88,267,W,0.0
2026-09-01,22:23:04,HITEC City,24.16,82,1011,2.92,262,W,0.0
2026-09-01,22:23:04,IDA Pashamylaram SPCB,24.18,82,1010,3,253,W,0.14
2026-09-01,22:23:04,Sanathnagar SPCB,24.41,81,1011,2.88,267,W,0.0
2026-09-01,22:23:04,US Consulate,24.27,82,1011,2.94,260,W,0.0
2026-09-01,22:23:04,Uppal SPCB,24.79,82,1011,2.9,270,W,0.0
2026-09-01,22:23:04,Zoo Park SPCB,24.65,88,1011,4.12,290,W,0.0
2026-09-02,22:22:47,Balanagar SPCB,23.31,86,1010,22.056,0,N,0.28
2026-09-02,22:22:47,HITEC City,22.98,86,1010,3.24,278,W,0.0
2026-09-02,22:22:47,IDA Pashamylaram SPCB,23.25,88,1009,3.07,263,W,0.0
2026-09-02,22:22:47,Sanathnagar SPCB,23.25,86,1010,22.056,0,N,0.28
2026-09-02,22:22:47,US Consulate,23.04,86,1010,3.22,276,W,0.0
2026-09-02,22:22:47,Uppal SPCB,23.73,86,1010,22.056,0,N,0.28
2026-09-02,22:22:47,Zoo Park SPCB,23.4,86,1010,4.12,260,W,0.0
2026-09-03,22:17:28,Balanagar SPCB,24.47,81,1009,3,280,W,0.0
2026-09-03,22:17:28,HITEC City,24.16,81,1009,3.21,278,W,0.0
2026-09-03,22:17:28,IDA Pashamylaram SPCB,23.67,81,1008,3.13,273,W,0.0
2026-09-03,22:17:28,Sanathnagar SPCB,24.41,81,1009,3,280,W,0.0
2026-09-03,22:17:28,US Consulate,24.27,81,1009,3.29,278,W,0.0
2026-09-03,22:17:28,Uppal SPCB,24.79,80,1009,2.89,278,W,0.0
2026-09-03,22:17:28,Zoo Park SPCB,24.65,83,1010,4.12,260,W,0.0
2026-09-04,22:08:00,Balanagar SPCB,24.36,83,1011,14.064,0,N,0.0
2026-09-04,22:08:00,HITEC City,24.05,83,1011,2.49,283,W,0.0
2026-09-04,22:08:00,IDA Pashamylaram SPCB,24.73,79,1011,2.65,276,W,0.12
2026-09-04,22:08:00,Sanathnagar SPCB,24.3,83,1011,14.064,0,N,0.0
2026-09-04,22:08:00,US Consulate,24.16,83,1011,2.57,283,W,0.0
2026-09-04,22:08:00,Uppal SPCB,24.68,83,1011,1.53,272,W,0.0
2026-09-04,22:08:00,Zoo Park SPCB,24.54,83,1012,3.09,250,W,0.0
2026-09-05,23:45:16,Balanagar SPCB,25.8,79,1011,21.6,0,N,0.0
2026-09-05,23:45:16,HITEC City,25.49,79,1012,2.63,294,NW,0.0
2026-09-05,23:45:16,IDA Pashamylaram SPCB,23.59,83,1011,2.6,297,NW,0.1
2026-09-05,23:45:16,Sanathnagar SPCB,25.74,79,1011,21.6,0,N,0.0
2026-09-05,23:45:16,US Consulate,25.6,79,1012,2.63,294,NW,0.0
2026-09-05,23:45:16,Uppal SPCB,26.13,79,1011,21.6,0,N,0.0
2026-09-05,23:45:16,Zoo Park SPCB,25.98,79,1012,5.14,280,W,0.0
2026-09-06,23:29:17,Balanagar SPCB,24.15,84,1013,7.344,0,N,0.56
2026-09-06,23:29:17,HITEC City,23.84,84,1013,3.14,273,W,0.0
2026-09-06,23:29:17,IDA Pashamylaram SPCB,23.77,84,1012,3.4,266,W,0.0
2026-09-06,23:29:17,Sanathnagar SPCB,24.1,84,1013,7.344,0,N,0.56
2026-09-06,23:29:17,US Consulate,23.95,84,1013,3.2,272,W,0.0
2026-09-06,23:29:17,Uppal SPCB,24.48,84,1013,7.344,0,N,0.56
2026-09-06,23:29:17,Zoo Park SPCB,24.34,84,1013,6.17,280,W,0.1
2026-09-07,22:30:21,Balanagar SPCB,26.12,73,1011,3.336,0,N,0.64
2026-09-07,22:30:21,HITEC City,25.8,73,1011,4.01,300,NW,0.44
2026-09-07,22:30:21,IDA Pashamylaram SPCB,23.55,80,1010,4.01,303,NW,0.0
2026-09-07,22:30:21,Sanathnagar SPCB,26.06,73,1011,3.336,0,N,0.64
2026-09-07,22:30:21,US Consulate,25.92,73,1011,4.06,300,NW,0.37
2026-09-07,22:30:21,Uppal SPCB,26.44,73,1010,3.336,0,N,0.48
2026-09-07,22:30:21,Zoo Park SPCB,26.3,73,1011,3.6,250,W,0.26
2026-09-08,19:15:28,Balanagar SPCB,27.68,72,1012,3.504,0,N,0.0
2026-09-08,19:15:28,HITEC City,27.37,72,1012,2.85,303,NW,0.0
2026-09-08,19:15:28,IDA Pashamylaram SPCB,27.13,72,1011,2.73,314,NW,0.0
2026-09-08,19:15:28,Sanathnagar SPCB,27.63,72,1012,3.504,0,N,0.0
2026-09-08,19:15:28,US Consulate,27.48,72,1012,2.81,304,NW,0.0
2026-09-08,19:15:28,Uppal SPCB,28.01,72,1012,3.504,0,N,0.0
2026-09-08,19:15:28,Zoo Park SPCB,27.87,72,1013,2.06,0,N,0.0
